product_name,sales,profit,profit_margin_pct
12-1/2 Diameter Round Wall Clock,551.448,196.6032,35.65217391304348
24-Hour Round Wall Clock,487.512,180.0198,36.92622950819672
36X48 Hardfloor Chairmat,369.24800000000005,81.61219999999999,22.10227272727272
3M Hangers With Command Adhesive,108.03999999999999,38.813,35.92465753424658
3M Polarizing Light Filter Sleeves,216.34,91.012,42.06896551724138
"3M Polarizing Task Lamp With Clamp Arm, Light Gray",2191.68,569.8368,26.000000000000007
"6"" Cubicle Wall Clock, Black",124.586,37.8612,30.38961038961039
9-3/4 Diameter Round Wall Clock,455.07,183.1312,40.24242424242425
Acrylic Self-Standing Desk Frames,93.984,32.7342,34.82954545454546
"Advantus Employee Of The Month Certificate Frame, 11 X 13-1/2",822.738,311.7744,37.89473684210527
Advantus Panel Wall Acrylic Frame,87.52,32.6012,37.25
Advantus Panel Wall Certificate Holder - 8.5X11,270.84,108.092,39.90990990990991
Aluminum Document Frame,244.39999999999998,56.211999999999996,23.0
Anderson Hickey Conga Table Tops & Accessories,51.782,17.514499999999998,33.8235294117647
Artistic Insta-Plaque,156.8,61.152,38.99999999999999
"Atlantic Metals Mobile 2-Shelf Bookcases, Custom Colors",400.0268,113.2606,28.313253012048197
"Atlantic Metals Mobile 3-Shelf Bookcases, Custom Colors",7539.7122,1479.7566000000002,19.626168224299068
"Atlantic Metals Mobile 4-Shelf Bookcases, Custom Colors",5184.081,1447.047,27.91327913279133
"Atlantic Metals Mobile 5-Shelf Bookcases, Custom Colors",5492.885,677.205,12.328767123287673
Balt Solid Wood Rectangular Table,828.0965,258.4505,31.210191082802545
Balt Solid Wood Round Tables,6518.754,1844.0037,28.28767123287671
Balt Split Level Computer Training Table,1040.625,357.97499999999997,34.4
"Barricks 18"" X 48"" Non-Folding Utility Table With Bottom Storage Shelf",1088.64,129.024,11.851851851851851
"Barricks Non-Folding Utility Table With Steel Legs, Laminate Tops",136.464,15.3522,11.25
Bestar Classic Bookcase,1897.8102,866.9132999999999,45.679662802950475
Bevis 36 X 72 Conference Tables,4332.252,712.0827999999999,16.436781609195396
Bevis 44 X 96 Conference Tables,3253.2200000000003,934.7860000000001,28.73417721518987
Bevis Boat-Shaped Conference Table,2542.467,634.3062,24.94845360824742
"Bevis Oval Conference Table, Walnut",6942.068,1832.0796,26.39097744360902
Bevis Rectangular Conference Tables,1007.262,586.8396,58.2608695652174
"Bevis Round Bullnose 29"" High Table Top",4544.925,919.3734,20.228571428571428
Bevis Round Conference Room Tables And Bases,519.941,46.6154,8.96551724137931
Bevis Round Conference Table Top & Single Column Base,2297.538,338.0454,14.713375796178344
"Bevis Round Conference Table Top, X-Base",2671.421,598.8285999999999,22.416107382550337
Bevis Steel Folding Chairs,1775.075,143.925,8.108108108108109
"Bevis Traditional Conference Table Top, Plinth Base",2033.496,456.7032,22.45901639344262
Boxoffice By Design Rectangular And Half-Moon Meeting Room Tables,1706.25,1148.4375,67.3076923076923
Bpi Conference Tables,2241.8675,912.8125,40.71661237785016
Bretford Cr4500 Series Slim Rectangular Table,7242.768,1417.2147,19.567307692307693
Bretford Cr8500 Series Meeting Room Furniture,6776.562000000001,1303.185,19.230769230769226
Bretford Rectangular Conference Table Tops,12995.2915,1989.7277,15.311143270622289
Bretford Òjust In Timeó Height-Adjustable Multi-Task Work Tables,5634.9,1197.938,21.25925925925926
Bush Advantage Collection Racetrack Conference Table,9544.725,3156.1224,33.06666666666666
Bush Advantage Collection Round Conference Table,3401.6000000000004,605.9100000000001,17.8125
"Bush Andora Bookcase, Maple/Graphite Gray Finish",3317.7235,471.5607,14.213381555153706
"Bush Andora Conference Table, Maple/Graphite Gray Finish",1436.232,164.1408,11.428571428571429
"Bush Birmingham Collection Bookcase, Dark Cherry",825.174,117.882,14.285714285714288
"Bush Cubix Collection Bookcases, Fully Assembled",729.2339999999999,256.33680000000004,35.15151515151516
"Bush Cubix Conference Tables, Fully Assembled",3603.288,381.117,10.576923076923077
"Bush Heritage Pine Collection 5-Shelf Bookcase, Albany Pine Finish, *Special Order",3626.0056,490.6104,13.530326594090203
Bush Mission Pointe Library,748.8608,96.6272,12.903225806451612
"Bush Saratoga Collection 5-Shelf Bookcase, Hanover Cherry, *Special Order",119.833,12.6882,10.588235294117647
Bush Somerset Collection Bookcase,1263.9569999999999,153.2466,12.124352331606218
"Bush Westfield Collection Bookcases, Dark Cherry Finish",649.376,190.1744,29.28571428571429
"Bush Westfield Collection Bookcases, Dark Cherry Finish, Fully Assembled",90.882,190.8522,210.0
"Bush Westfield Collection Bookcases, Fully Assembled",1473.2982000000002,156.519,10.623714873200822
"Bush Westfield Collection Bookcases, Medium Cherry Finish",1426.8878,230.18060000000003,16.13165379926859
"C-Line Cubicle Keepers Polyproplyene Holder W/Velcro Back, 8-1/2X11, 25/Bx",514.556,214.0334,41.59574468085106
C-Line Cubicle Keepers Polyproplyene Holder With Velcro Backings,137.17,49.7123,36.241379310344826
"C-Line Magnetic Cubicle Keepers, Clear Polypropylene",136.344,56.1184,41.15942028985508
"Career Cubicle Clock, 8 1/4"", Black",194.68800000000002,68.952,35.416666666666664
"Chromcraft 48"" X 96"" Racetrack Double Pedestal Table",5098.176,1417.2288,27.79874213836478
"Chromcraft Bull-Nose Wood 48"" X 96"" Rectangular Conference Tables",4297.644,1239.705,28.846153846153843
Chromcraft Bull-Nose Wood Oval Conference Tables & Bases,9917.640000000001,3338.9388,33.666666666666664
"Chromcraft Bull-Nose Wood Round Conference Table Top, Wood Base",3354.89,640.479,19.090909090909093
Chromcraft Rectangular Conference Tables,4952.673,753.5645999999999,15.215311004784688
Chromcraft Round Conference Tables,8209.059,1225.2586999999999,14.925690021231421
Coloredge Poster Frame,298.2,116.298,39.0
"Computer Room Manger, 14""",636.6080000000001,179.2896,28.163265306122447
Contemporary Borderless Frame,36.162,15.498000000000001,42.85714285714286
Contemporary Wood/Metal Frame,193.92,77.568,40.0
"Contract Clock, 14"", Brown",334.096,120.88999999999999,36.18421052631579
"Dana Fluorescent Magnifying Lamp, White, 36""",581.172,142.744,24.561403508771928
Dana Halogen Swing-Arm Architect Lamp,1114.384,288.4288,25.882352941176475
Dana Swing-Arm Lamps,108.936,33.641999999999996,30.882352941176467
"Dataproducts Ampli Magnifier Task Lamp, Black,",508.72800000000007,99.5808,19.574468085106382
Dax Black Cherry Wood-Tone Poster Frame,455.456,154.6432,33.95348837209302
"Dax Charcoal/Nickel-Tone Document Frame, 5 X 7",168.744,65.886,39.04494382022472
Dax Clear Box Frame,96.03,38.062799999999996,39.63636363636363
Dax Clear Channel Poster Frame,119.556,47.8224,40.0
"Dax Contemporary Wood Frame With Silver Metal Mat, Desktop, 11 X 14 Size",291.45599999999996,97.152,33.333333333333336
"Dax Copper Panel Document Frame, 5 X 7 Size",171.088,62.3968,36.470588235294116
Dax Cubicle Frames - 8X10,125.786,45.006,35.77981651376147
"Dax Cubicle Frames, 8-1/2 X 11",145.69,52.4484,36.0
"Dax Executive Solid Wood Document Frame, Desktop Or Hang, Mahogany, 5 X 7",196.248,55.1004,28.076923076923077
"Dax Metal Frame, Desktop, Stepped-Edge",161.92,68.6136,42.37500000000001
Dax Natural Wood-Tone Poster Frame,513.712,162.0576,31.546391752577325
Dax Solid Wood Frames,113.332,33.3157,29.396551724137932
"Dax Two-Tone Rosewood/Black Document Frame, Desktop, 5 X 7",216.144,85.32,39.47368421052631
Dax Two-Tone Silver Metal Document Frame,234.784,98.56880000000001,41.98275862068966
"Dax Value U-Channel Document Frames, Easel Back",175.938,55.3658,31.468926553672315
Dax Wood Document Frame,477.804,165.85840000000002,34.71264367816092
Dax Wood Document Frame.,159.268,55.4692,34.827586206896555
Deflect-O Duramat Antistatic Studded Beveled Mat For Medium Pile Carpeting,1685.44,396.0784,23.5
"Deflect-O Duramat Lighweight, Studded, Beveled Mat For Low Pile Carpeting",673.87,87.4325,12.974683544303797
"Deflect-O Economat Nonstudded, No Bevel Mat",702.44,123.96,17.64705882352941
"Deflect-O Economat Studded, No Bevel Mat For Low Pile Carpeting",1115.6399999999999,266.514,23.888888888888893
Deflect-O Glass Clear Studded Chair Mats,1579.3719999999998,318.3616,20.157480314960633
Deflect-O Glasstique Clear Desk Accessories,124.74,37.037,29.69135802469136
"Deflect-O Rollamat Studded, Beveled Mat For Medium Pile Carpeting",1623.248,542.3124,33.409090909090914
"Deflect-O Supertray Unbreakable Stackable Tray, Letter, Black",437.70000000000005,187.9192,42.93333333333333
Dmi Arturo Collection Mission-Style Design Wood Chair,4619.987999999999,594.8612,12.875816993464056
Dmi Eclipse Executive Suite Bookcases,11046.609,270.5292,2.4489795918367347
Document Clip Frames,45.036,16.0128,35.55555555555555
"Eldon ""L"" Workstation Diamond Chairmat",1002.936,267.4496,26.66666666666666
Eldon 100 Class Desk Accessories,36.396,17.793599999999998,48.88888888888888
Eldon 200 Class Desk Accessories,133.136,39.187200000000004,29.43396226415095
"Eldon 200 Class Desk Accessories, Black",75.36,28.6368,38.0
"Eldon 200 Class Desk Accessories, Burgundy",135.648,44.588,32.870370370370374
"Eldon 200 Class Desk Accessories, Smoke",138.16,58.0272,42.00000000000001
"Eldon 300 Class Desk Accessories, Black",29.7,13.068000000000001,44.00000000000001
"Eldon 400 Class Desk Accessories, Black Carbon",159.25,60.2,37.80219780219781
Eldon 500 Class Desk Accessories,197.948,60.470699999999994,30.548780487804873
Eldon Advantage Chair Mats For Low To Medium Pile Carpets,563.03,56.303000000000004,10.000000000000002
Eldon Advantage Foldable Chair Mats For Low Pile Carpets,379.4,162.6,42.85714285714286
Eldon Antistatic Chair Mats For Low To Medium Pile Carpets,1431.944,105.29,7.352941176470589
Eldon Cleatmat Chair Mats For Medium Pile Carpets,344.1,114.33,33.2258064516129
Eldon Cleatmat Plus Chair Mats For High Pile Carpets,1304.1280000000002,321.2608,24.634146341463413
Eldon Clustermat Chair Mat With Cordless Antistatic Protection,1200.936,416.6884,34.696969696969695
"Eldon Delta Triangular Chair Mat, 52"" X 58"", Clear",546.192,91.7906,16.805555555555554
Eldon Econocleat Chair Mats For Low Pile Carpets,331.76,39.8112,12.0
Eldon Executive Woodline Ii Cherry Finish Desk Accessories,98.13600000000001,78.5088,79.99999999999999
"Eldon Executive Woodline Ii Desk Accessories, Mahogany",361.87199999999996,83.1803,22.986111111111114
"Eldon Expressions Desk Accessory, Wood Pencil Holder, Oak",108.08,35.705,33.035714285714285
"Eldon Expressions Desk Accessory, Wood Photo Frame, Mahogany",262.752,86.8224,33.04347826086956
Eldon Expressions Mahogany Wood Desk Collection,93.6,23.4,25.0
"Eldon Expressions Punched Metal & Wood Desk Accessories, Black & Cherry",155.708,44.648799999999994,28.67469879518072
"Eldon Expressions Punched Metal & Wood Desk Accessories, Pewter & Cherry",121.296,21.7056,17.894736842105264
"Eldon Expressions Wood And Plastic Desk Accessories, Cherry Wood",160.54000000000002,46.5566,28.999999999999996
"Eldon Expressions Wood And Plastic Desk Accessories, Oak",149.70000000000002,41.916,27.999999999999996
"Eldon Expressions Wood Desk Accessories, Oak",183.024,69.5934,38.024193548387096
Eldon Image Series Black Desk Accessories,48.852,17.0568,34.91525423728813
"Eldon Image Series Desk Accessories, Burgundy",111.18799999999999,36.2824,32.631578947368425
"Eldon Image Series Desk Accessories, Ebony",180.31,75.582,41.91780821917808
"Eldon ImGe Series Desk Accessories, Clear",53.46,21.2382,39.72727272727272
Eldon Pizzaz Desk Accessories,37.464,13.736799999999999,36.666666666666664
Eldon Radial Chair Mat For Low To Medium Pile Carpets,775.6120000000001,135.932,17.525773195876283
"Eldon Regeneration Recycled Desk Accessories, Black",39.688,13.116399999999999,33.048780487804876
"Eldon Regeneration Recycled Desk Accessories, Smoke",33.756,8.9088,26.39175257731959
"Eldon Stackable Tray, Side-Load, Legal, Smoke",155.38,52.8292,34.0
Eldon Wave Desk Accessories,266.73,108.4236,40.64919581599369
Electrix 20W Halogen Replacement Bulb For Zoom-In Desk Lamp,168.84,78.256,46.34920634920635
"Electrix Architect'S Clamp-On Swing Arm Lamp, Black",2863.8,923.0982,32.23333333333333
Electrix Fluorescent Magnifier Lamps & Weighted Base,463.79600000000005,73.0232,15.744680851063828
Electrix Halogen Magnifier Lamp,2759.06,446.89,16.19718309859155
"Electrix Incandescent Magnifying Lamp, Black",117.28,31.8855,27.187499999999996
"Executive Impressions 10"" Spectator Wall Clock",258.72,87.9648,34.0
"Executive Impressions 12"" Wall Clock",176.7,62.1984,35.2
"Executive Impressions 13"" Chairman Wall Clock",253.8,72.333,28.499999999999996
"Executive Impressions 13"" Clairmont Wall Clock",315.372,117.68759999999999,37.3170731707317
"Executive Impressions 13-1/2"" Indoor/Outdoor Wall Clock",56.099999999999994,21.317999999999998,38.0
"Executive Impressions 14""",377.90999999999997,166.2804,44.0
"Executive Impressions 14"" Contract Wall Clock",346.788,93.5883,26.987179487179485
"Executive Impressions 14"" Contract Wall Clock With Quartz Movement",97.812,33.7896,34.54545454545455
"Executive Impressions 14"" Two-Color Numerals Wall Clock",308.99199999999996,94.51520000000001,30.588235294117656
"Executive Impressions 16-1/2"" Circular Wall Clock",58.784,24.5824,41.81818181818182
"Executive Impressions 8-1/2"" Career Panel/Partition Cubicle Clock",66.56,18.512,27.8125
Executive Impressions Supervisor Wall Clock,867.2599999999999,266.072,30.679611650485437
Flat Face Poster Frame,678.24,256.6008,37.83333333333333
"Floodlight Indoor Halogen Bulbs, 1 Bulb Per Pack, 60 Watts",434.56,201.372,46.339285714285715
G.E. Halogen Desk Lamp Bulbs,62.82,26.244799999999998,41.77777777777777
G.E. Longer-Life Indoor Recessed Floodlight Bulbs,81.00800000000001,33.7312,41.63934426229508
"Ge 4 Foot Flourescent Tube, 40 Watt",98.868,42.2436,42.727272727272734
"Ge 48"" Fluorescent Tube, Cool White Energy Saver, 34 Watts, 30/Box",2699.056,1260.221,46.69117647058824
"Ge General Purpose, Extra Long Life, Showcase & Floodlight Incandescent Bulbs",45.396,17.5764,38.717948717948715
"Ge General Use Halogen Bulbs, 100 Watts, 1 Bulb Per Pack",163.332,58.4226,35.76923076923077
"Global Adaptabilites Bookcase, Cherry/Storm Gray Finish",3447.84,206.87040000000002,6.000000000000001
Global Adaptabilities Conference Tables,3540.348,606.9168,17.142857142857142
"Global Airflow Leather Mesh Back Chair, Black",3955.676,573.7239999999999,14.50381679389313
"Global Armless Task Chair, Royal Blue",1396.442,164.646,11.790393013100434
Global Chrome Stack Chair,815.864,52.1056,6.386554621848739
Global Comet Stacking Arm Chair,6084.144,950.6475,15.625
Global Comet Stacking Armless Chair,3528.79,514.366,14.576271186440678
Global Commerce Series High-Back Swivel/Tilt Chairs,7979.4400000000005,1296.659,16.25
Global Commerce Series Low-Back Swivel/Tilt Chairs,4420.056,154.188,3.488372093023256
Global Deluxe High-Back Manager'S Chair,8665.194,1610.0674,18.58085808580858
Global Deluxe High-Back Office Chair In Storm,1087.92,149.589,13.749999999999998
Global Deluxe Office Fabric Chairs,1420.504,229.3922,16.14864864864865
"Global Deluxe Stacking Chair, Gray",764.7,79.019,10.333333333333334
Global Deluxe Steno Chair,1770.54,225.5514,12.73913043478261
Global Enterprise Series Seating High-Back Swivel/Tilt Chairs,2032.35,460.666,22.666666666666668
Global Enterprise Series Seating Low-Back Swivel/Tilt Chairs,207.184,25.898,12.5
Global Ergonomic Managers Chair,6008.536,944.7156,15.72289156626506
Global Executive Mid-Back Manager'S Chair,4626.582,820.5636000000001,17.735849056603772
"Global Fabric Manager'S Chair, Dark Gray",3150.576,530.145,16.826923076923077
"Global Geo Office Task Chair, Gray",1757.266,230.793,13.13364055299539
"Global High-Back Leather Tilter, Burgundy",5436.158,858.4702,15.791855203619908
Global Highback Leather Tilter In Burgundy,2647.809,285.7086,10.790378006872851
Global Italian Leather Office Chair,969.252,220.0464,22.702702702702705
"Global Leather & Oak Executive Chair, Burgundy",1689.968,235.3884,13.928571428571427
"Global Leather And Oak Executive Chair, Black",6410.874,908.9596,14.178403755868546
Global Leather Executive Chair,5861.532999999999,701.98,11.976047904191619
"Global Leather Highback Executive Chair With Pneumatic Height Adjustment, Black",5989.204,496.42060000000004,8.288590604026847
"Global Leather Task Chair, Black",1448.839,89.09009999999999,6.149068322981366
Global Low Back Tilter Chair,1746.9540000000002,282.744,16.184971098265898
"Global Manager'S Adjustable Task Chair, Storm",2959.208,517.8614,17.5
"Global Push Button Manager'S Chair, Indigo",2185.951,299.5788,13.70473537604457
"Global Stack Chair With Arms, Black",803.464,139.40699999999998,17.350746268656714
"Global Stack Chair Without Arms, Black",901.506,98.724,10.951008645533141
Global Super Steno Chair,2389.902,255.3068,10.682730923694779
"Global Task Chair, Black",463.099,80.4062,17.36263736263736
Global Troy Executive Leather Low-Back Tilter,12975.382,1052.058,8.108108108108109
"Global Value Mid-Back Manager'S Chair, Gray",1978.925,258.7825,13.076923076923078
"Global Value Steno Chair, Gray",2204.862,324.959,14.738292011019283
"Global Wood Trimmed Manager'S Task Chair, Khaki",4166.884,661.4245999999999,15.873362445414847
Gueststacker Chair With Chrome Finish Legs,9070.944,832.7424,9.180327868852459
Hand-Finished Solid Wood Document Frame,260.14799999999997,68.46000000000001,26.315789473684216
Harbour Creations 67200 Series Stacking Chairs,1501.8980000000001,271.9076,18.104265402843602
Harbour Creations Steel Folding Chair,2389.125,336.375,14.079422382671481
High-Back Leather Manager'S Chair,4770.633,665.5488,13.950953678474114
Hon 2090 Òpillow Softó Series Mid Back Swivel/Tilt Chairs,5282.424,989.0496,18.72340425531915
Hon 2111 Invitation Series Corner Table,3140.55,552.7368,17.599999999999998
Hon 2111 Invitation Series Straight Table,2040.054,340.009,16.666666666666664
"Hon 30"" X 60"" Table With Locking Drawer",1296.028,231.92079999999999,17.89473684210526
Hon 4-Shelf Metal Bookcases,1474.308,595.782,40.41095890410959
Hon 4060 Series Tables,1231.56,136.5912,11.09090909090909
Hon 4070 Series Pagoda Armless Upholstered Stacking Chairs,8430.997,1411.9732,16.74740484429066
Hon 4070 Series Pagoda Round Back Stacking Chairs,5906.032,1117.0104000000001,18.91304347826087
Hon 4700 Series Mobuis Mid-Back Task Chairs With Adjustable Arms,7582.374,1025.2224,13.521126760563382
Hon 5100 Series Wood Tables,5965.09,1495.6372,25.073170731707318
Hon 5400 Series Task Chairs For Big And Tall,21870.576,2243.136,10.256410256410255
Hon 61000 Series Interactive Training Tables,653.121,148.3962,22.72108843537415
Hon 94000 Series Round Tables,7404.5,1374.2752,18.560000000000002
Hon Comfortask Task/Swivel Chairs,1686.904,150.4536,8.918918918918918
Hon Deluxe Fabric Upholstered Stacking Chairs,2586.1879999999996,87.83279999999999,3.3962264150943398
"Hon Deluxe Fabric Upholstered Stacking Chairs, Rounded Back",10637.528,1927.442,18.11926605504587
"Hon Deluxe Fabric Upholstered Stacking Chairs, Squared Back",1268.696,73.194,5.769230769230769
Hon Every-Day Chair Series Swivel Task Chairs,967.84,77.4272,8.0
Hon Every-Day Series Multi-Task Chairs,6748.482,808.314,11.977715877437326
Hon Gueststacker Chair,6936.102,1233.0848,17.77777777777778
"Hon Metal Bookcases, Black",1570.0775999999998,396.0684,25.22603978300181
"Hon Metal Bookcases, Gray",851.76,229.9752,27.0
"Hon Metal Bookcases, Putty",1320.228,362.70779999999996,27.473118279569885
Hon Mobius Operator'S Chair,2705.7799999999997,499.3394,18.454545454545457
Hon Multipurpose Stacking Arm Chairs,6584.64,1057.008,16.05263157894737
Hon Non-Folding Utility Tables,3775.647,541.654,14.345991561181433
Hon Olson Stacker Chairs,5427.99,1292.1264,23.80487804878049
Hon Olson Stacker Stools,5294.456,861.7572,16.27659574468085
Hon Pagoda Stacking Chairs,6483.796,1540.704,23.762376237623762
"Hon Practical Foundations 30 X 60 Training Table, Light Gray/Charcoal",4334.8275,989.8425,22.834645669291337
Hon Racetrack Conference Tables,3963.901,934.5355999999999,23.576158940397352
Hon Rectangular Conference Tables,3481.515,1069.485,30.71895424836601
Hon Valutask Swivel Chairs,1242.054,155.50920000000002,12.520325203252034
"Howard Miller 11-1/2"" Diameter Brentwood Wall Clock",681.454,287.24580000000003,42.15189873417722
"Howard Miller 11-1/2"" Diameter Grantwood Wall Clock",500.308,169.06959999999998,33.79310344827586
"Howard Miller 11-1/2"" Diameter Ridgewood Wall Clock",1184.232,488.236,41.228070175438596
"Howard Miller 12"" Round Wall Clock",479.33799999999997,127.2996,26.55737704918033
Howard Miller 12-3/4 Diameter Accuwave Ds  Wall Clock,786.9,232.9224,29.600000000000005
"Howard Miller 13"" Diameter Goldtone Round Wall Clock",1042.068,347.8254,33.37837837837838
"Howard Miller 13"" Diameter Pewter Finish Round Wall Clock",1047.7359999999999,340.5142,32.50000000000001
"Howard Miller 13-1/2"" Diameter Rosebrook Wall Clock",949.026,330.096,34.78260869565218
"Howard Miller 13-3/4"" Diameter Brushed Chrome Round Wall Clock",1324.8,357.075,26.953125
"Howard Miller 14-1/2"" Diameter Chrome Round Wall Clock",1636.864,483.3864,29.531249999999996
"Howard Miller 16"" Diameter Gallery Wall Clock",575.46,241.6932,41.99999999999999
Howard Miller Distant Time Traveler Alarm Clock,531.948,213.0534,40.05154639175258
"Iceberg Nesting Folding Chair, 19W X 6D X 43H",1589.406,253.8392,15.970695970695973
"Iceberg Officeworks 42"" Round Tables",3457.442,936.076,27.074235807860266
Ki Adjustable-Height Table,4552.641,1173.627,25.77903682719547
Ki Conference Tables,2140.878,569.9556,26.622516556291387
Laminate Occasional Tables,2096.168,206.5342,9.852941176470589
"Leather Task Chair, Black",1437.484,72.784,5.063291139240507
"Lesro Round Back Collection Coffee Table, End Table",2847.7799999999997,755.757,26.53846153846154
"Lesro Sheffield Collection Coffee Table, End Table, Center Table, Corner Table",2298.114,206.2593,8.975155279503106
"Lifetime Advantage Folding Chairs, 4/Carton",5212.112,1033.6992,19.8326359832636
"Linden 10"" Round Wall Clock, Black",253.648,81.5952,32.168674698795186
"Linden 12"" Wall Clock With Oak Frame",101.94,30.582,30.0
Longer-Life Soft White Bulbs,115.192,52.8528,45.88235294117647
Luxo Adjustable Task Clamp Lamp,1545.816,362.46720000000005,23.448275862068968
Luxo Economy Swing Arm Lamp,338.98,94.9144,27.999999999999996
Luxo Professional Combination Clamp-On Lamps,1329.9,345.774,26.0
Luxo Professional Fluorescent Magnifier Lamp With Clamp-Mount Base,3861.056,1003.0351999999999,25.97826086956522
Luxo Professional Magnifying Clamp-On Fluorescent Lamps,1268.922,156.015,12.295081967213113
Magna Visual Magnetic Picture Hangers,84.83200000000001,28.0524,33.06818181818181
Magnifier Swing Arm Lamp,251.76000000000002,65.4576,25.999999999999996
"Master Big Foot Doorstop, Beige",152.064,42.768,28.125
"Master Caster Door Stop, Brown",176.784,57.3024,32.41379310344827
"Master Caster Door Stop, Gray",47.752,16.8656,35.319148936170215
"Master Caster Door Stop, Large Brown",59.696,24.169600000000003,40.48780487804879
"Master Caster Door Stop, Large Neon Orange",154.336,54.6728,35.424528301886795
"Master Giant Foot Doorstop, Safety Yellow",83.49,31.5744,37.81818181818182
"Metal Folding Chairs, Beige, 4/Carton",685.588,119.8082,17.475247524752476
Novimex Fabric Task Chair,1890.3799999999999,185.989,9.838709677419356
Novimex High-Tech Fabric Mesh Task Chair,922.74,143.37959999999998,15.538461538461537
Novimex Swivel Fabric Task Chair,2913.9139999999998,578.2534,19.84455958549223
Novimex Turbo Task Chair,1341.5220000000002,103.6308,7.724867724867723
Nu-Dell Executive Frame,409.536,133.8576,32.68518518518518
Nu-Dell Ez-Mount Plastic Wall Frames,19.7,8.668,44.0
Nu-Dell Float Frame 11 X 14 1/2,170.62,65.7336,38.52631578947368
Nu-Dell Leatherette Frames,246.64800000000002,81.4512,33.02325581395348
Nu-Dell Oak Frame,151.656,35.4576,23.380281690140844
O'Sullivan 2-Door Barrister Bookcase In Odessa Pine,4886.46,1055.1134,21.59259259259259
O'Sullivan 2-Shelf Heavy-Duty Bookcases,723.842,257.474,35.57046979865772
O'Sullivan 3-Shelf Heavy-Duty Bookcases,1119.195,237.7926,21.246753246753247
O'Sullivan 4-Shelf Bookcase In Odessa Pine,2740.197,1120.2748,40.88300220750551
O'Sullivan 5-Shelf Heavy-Duty Bookcases,540.804,151.589,28.030303030303035
O'Sullivan Cherrywood Estates Traditional Barrister Bookcase,1072.344,174.5996,16.28205128205128
O'Sullivan Cherrywood Estates Traditional Bookcase,424.90000000000003,27.193599999999996,6.399999999999999
"O'Sullivan Elevations Bookcase, Cherry Finish",1912.308,89.0664,4.657534246575342
O'Sullivan Living Dimensions 2-Shelf Bookcases,2970.059,223.813,7.535641547861506
O'Sullivan Living Dimensions 3-Shelf Bookcases,2904.161,452.205,15.570934256055363
O'Sullivan Living Dimensions 5-Shelf Bookcases,3420.7704,755.7516,22.093023255813957
O'Sullivan Manor Hill 2-Door Library In Brianna Oak,1646.9180000000001,285.9484,17.36263736263736
O'Sullivan Plantations 2-Door Library In Landvery Oak,2946.3668,767.7436,26.05729877216917
"Office Impressions End Table, 20-1/2""H X 24""W X 20""D",5801.816,1038.8591999999999,17.905759162303664
Office Star - Contemporary Swivel Chair With Padded Adjustable Arms And Flex Back,3989.734,476.5124,11.943462897526501
Office Star - Contemporary Task Swivel Chair,1842.268,235.2776,12.771084337349398
"Office Star - Contemporary Task Swivel Chair With 2-Way Adjustable Arms, Plum",694.194,158.48579999999998,22.830188679245282
"Office Star - Contemporary Task Swivel Chair With Loop Arms, Charcoal",3680.538,538.3278,14.626334519572953
Office Star - Ergonomic Mid Back Chair With 2-Way Adjustable Arms,2207.956,289.568,13.114754098360654
Office Star - Ergonomically Designed Knee Chair,1311.876,123.08959999999999,9.382716049382715
Office Star - Mesh Screen Back Chair With Vinyl Seat,2200.464,306.4932,13.928571428571429
Office Star - Mid Back Dual Function Ergonomic High Back Chair With 2-Way Adjustable Arms,4185.48,455.5734,10.884615384615385
Office Star - Professional Matrix Back Chair With 2-To-1 Synchro Tilt And Mesh Fabric Seat,8774.5,1305.6456,14.88
Office Star - Task Chair With Contemporary Loop Arms,600.4680000000001,47.3096,7.878787878787878
Office Star Flex Back Scooter Chair With Aluminum Finish Frame,1947.1770000000001,413.649,21.243523316062173
Office Star Flex Back Scooter Chair With White Frame,1775.68,277.45,15.625
Oic Stacking Trays,82.832,30.9952,37.41935483870968
"Padded Folding Chairs, Black, 4/Carton",1830.148,139.2856,7.610619469026549
Regeneration Desk Collection,35.904,15.206399999999999,42.35294117647058
"Riverside Furniture Oval Coffee Table, Oval End Table, End Table With Drawer",4446.175,1273.614,28.64516129032258
Riverside Furniture Stanwyck Manor Table Series,917.9200000000001,415.9325,45.31249999999999
"Riverside Palais Royal Lawyers Bookcase, Royale Cherry Finish",15610.9656,3294.8652,21.106094808126414
"Rubbermaid Clustermat Chairmats, Mat Size- 66"" X 60"", Lip 20"" X 11"" -90 Degree Angle",2064.228,492.75120000000004,23.870967741935484
"Rush Hierlooms Collection 1"" Thick Stackable Bookcases",2487.759,410.352,16.49484536082474
Rush Hierlooms Collection Rich Wood Bookcases,489.37919999999997,112.686,23.026315789473685
Safco Arco Folding Chair,11572.78,1267.758,10.954653937947494
"Safco Chair Connectors, 6/Carton",881.192,176.2384,20.0
Safco Contoured Stacking Chairs,5697.76,870.16,15.271966527196652
Safco Drafting Table,638.8199999999999,45.4272,7.111111111111111
Safco Folding Chair Trolley,705.32,156.45280000000002,22.181818181818183
Safco Optional Arm Kit For Workspace Cribbage Stacking Chair,245.088,21.312,8.695652173913045
"Safco Planmaster Boards, 60W X 37-1/2D, White Melamine",2979.004,705.2336,23.6734693877551
"Safco Planmaster Heigh-Adjustable Drafting Table Base, 43W X 30D X 30-37H, Black",3739.115,775.779,20.74766355140187
"Safco Value Mate Series Steel Bookcases, Baked Enamel Finish On Steel, Gray",858.858,205.842,23.966942148760335
"Safco Value Mate Steel Bookcase, Baked Enamel Finish On Steel, Black",802.074,106.47,13.274336283185843
Sauder Barrister Bookcases,754.7336,294.7672,39.05579399141631
"Sauder Camden County Barrister Bookcase, Planked Cherry Finish",1064.624,43.552800000000005,4.090909090909092
"Sauder Camden County Collection Libraries, Planked Cherry Finish",1909.8178,223.06119999999999,11.679711017459361
Sauder Camden County Collection Library,1368.2620000000002,172.47,12.605042016806722
Sauder Cornerstone Collection Library,322.192,89.84200000000001,27.884615384615387
"Sauder Facets Collection Library, Sky Alder Finish",1427.683,135.0742,9.461077844311376
"Sauder Forest Hills Library With Doors, Woodland Oak Finish",1014.174,418.548,41.26984126984127
"Sauder Forest Hills Library, Woodland Oak Finish",1875.034,183.274,9.774436090225564
Sauder Inglewood Library Bookcases,2154.348,382.9952,17.77777777777778
"Sauder Mission Library With Doors, Fruitwood Finish",935.1972,146.6976,15.686274509803921
"Seth Thomas 12"" Clock W/ Goldtone Case",390.66,132.8244,34.0
"Seth Thomas 13 1/2"" Wall Clock",316.48400000000004,91.7448,28.988764044943814
"Seth Thomas 14"" Day/Date Wall Clock",467.072,162.0512,34.69512195121951
"Seth Thomas 14"" Putty-Colored Wall Clock",357.948,94.7682,26.475409836065573
"Seth Thomas 16"" Steel Case Clock",441.72799999999995,115.9536,26.25
"Seth Thomas 8 1/2"" Cubicle Clock",210.912,59.217600000000004,28.076923076923077
"Situations Contoured Folding Chairs, 4/Set",3641.274,425.88,11.695906432748538
Stackable Trays,65.296,17.1248,26.22641509433962
"Stacking Tray, Side-Loading, Legal, Smoke",46.592,15.3216,32.88461538461539
Stacking Trays By Oic,72.708,28.137,38.6986301369863
Staple-Based Wall Hangings,422.288,169.552,40.15079755995908
Telescoping Adjustable Floor Lamp,143.928,35.982,25.0
"Tenex ""The Solids"" Textured Chair Mats",1469.1599999999999,444.9456,30.28571428571429
"Tenex 46"" X 60"" Computer Anti-Static Chairmat, Rectangular Shaped",2267.972,148.372,6.5420560747663545
Tenex Antistatic Computer Chair Mats,3317.0119999999997,769.41,23.195876288659793
Tenex B1-Re Series Chair Mats For Low Pile Carpets,1002.3639999999999,141.1586,14.082568807339452
"Tenex Carpeted, Granite-Look Or Clear Contemporary Contour Shape Chair Mats",763.6679999999999,301.9317,39.53703703703704
"Tenex Chairmat W/ Average Lip, 45"" X 53""",2058.496,832.48,40.44117647058824
Tenex Chairmats For Use With Carpeted Floors,175.78,8.789,5.0
Tenex Chairmats For Use With Hard Floors,467.712,171.49439999999998,36.666666666666664
"Tenex Contemporary Contur Chairmats For Low And Medium Pile Carpet, Computer, 39"" X 49""",1010.7819999999999,150.542,14.893617021276597
"Tenex Traditional Chairmats For Hard Floors, Average Lip, 36"" X 48""",180.46,77.34,42.857142857142854
"Tenex Traditional Chairmats For Medium Pile Carpet, Standard Lip, 36"" X 48""",1322.17,314.16700000000003,23.761467889908257
"Tenex V2T-Re Standard Weight Series Chair Mat, 45"" X 53"", Lip 25"" X 12""",468.46799999999996,62.4624,13.333333333333336
"Tensor ""Hersey Kiss"" Styled Floor Lamp",93.52799999999999,10.392,11.111111111111112
Tensor Brushed Steel Torchiere Floor Lamp,146.11399999999998,36.0188,24.65116279069768
Tensor Computer Mounted Lamp,536.04,144.7308,27.0
Tensor Track Tree Floor Lamp,299.85,38.180899999999994,12.73333333333333
Ultra Commercial Grade Dual Valve Door Closer,63.824,9.5736,15.000000000000002
"Ultra Door Kickplate, 8""H X 34""W",158.24,27.692,17.5
Ultra Door Pull Handle,265.104,74.7972,28.21428571428572
Ultra Door Push Plate,149.264,37.4142,25.06578947368421
Westinghouse Clip-On Gooseneck Lamps,279.558,72.6516,25.988023952095812
"Westinghouse Floor Lamp With Metal Mesh Shade, Black",167.93,38.6239,23.0
"Westinghouse Mesh Shade Clip-On Gooseneck Lamp, Black",84.84,22.0584,25.999999999999996
