region,product_name,sales
Central,Hon 5400 Series Task Chairs For Big And Tall,6939.701999999999
Central,Global Deluxe High-Back Manager'S Chair,3803.5339999999997
Central,Safco Arco Folding Chair,3535.36
Central,"Atlantic Metals Mobile 5-Shelf Bookcases, Custom Colors",3069.996
Central,Global Commerce Series High-Back Swivel/Tilt Chairs,3020.788
Central,"Atlantic Metals Mobile 3-Shelf Bookcases, Custom Colors",3011.7092000000002
Central,Office Star - Professional Matrix Back Chair With 2-To-1 Synchro Tilt And Mesh Fabric Seat,2807.84
Central,Hon Multipurpose Stacking Arm Chairs,2729.16
Central,"Global High-Back Leather Tilter, Burgundy",2681.1820000000002
Central,Balt Solid Wood Round Tables,2678.94
Central,Hon 4070 Series Pagoda Round Back Stacking Chairs,2599.938
Central,"Lifetime Advantage Folding Chairs, 4/Carton",2595.152
Central,Hon Pagoda Stacking Chairs,2567.84
Central,Chromcraft Round Conference Tables,2509.776
Central,"Hon Deluxe Fabric Upholstered Stacking Chairs, Rounded Back",2439.7999999999997
Central,"Riverside Palais Royal Lawyers Bookcase, Royale Cherry Finish",2396.2656
Central,Hon Deluxe Fabric Upholstered Stacking Chairs,2391.004
Central,Global Executive Mid-Back Manager'S Chair,2327.84
Central,O'Sullivan Plantations 2-Door Library In Landvery Oak,2323.3288000000002
Central,Hon Every-Day Series Multi-Task Chairs,2312.154
Central,Hon 4070 Series Pagoda Armless Upholstered Stacking Chairs,2275.494
Central,Hon Gueststacker Chair,2266.7
Central,"Global Leather And Oak Executive Chair, Black",2227.252
Central,Bretford Cr4500 Series Slim Rectangular Table,2193.723
Central,"Electrix Architect'S Clamp-On Swing Arm Lamp, Black",2004.66
Central,Global Commerce Series Low-Back Swivel/Tilt Chairs,1978.7459999999999
Central,Bevis Round Conference Table Top & Single Column Base,1946.3220000000001
Central,"Chromcraft Bull-Nose Wood Round Conference Table Top, Wood Base",1829.94
Central,"Global Airflow Leather Mesh Back Chair, Black",1660.7799999999997
Central,Chromcraft Bull-Nose Wood Oval Conference Tables & Bases,1652.94
Central,O'Sullivan Living Dimensions 5-Shelf Bookcases,1652.9304
Central,"Hon Practical Foundations 30 X 60 Training Table, Light Gray/Charcoal",1592.85
Central,Novimex Swivel Fabric Task Chair,1570.192
Central,"Bevis Oval Conference Table, Walnut",1565.88
Central,High-Back Leather Manager'S Chair,1416.891
Central,Hon Olson Stacker Stools,1408.1
Central,Bretford Cr8500 Series Meeting Room Furniture,1403.43
Central,Hon Olson Stacker Chairs,1323.9
Central,"Office Impressions End Table, 20-1/2""H X 24""W X 20""D",1245.416
Central,Hon Mobius Operator'S Chair,1229.9
Central,"Global Wood Trimmed Manager'S Task Chair, Khaki",1210.034
Central,Ki Adjustable-Height Table,1203.72
Central,Hon 94000 Series Round Tables,1184.72
Central,"Global Manager'S Adjustable Task Chair, Storm",1147.448
Central,Global Super Steno Chair,1142.162
Central,"3M Polarizing Task Lamp With Clamp Arm, Light Gray",1095.84
Central,O'Sullivan Cherrywood Estates Traditional Barrister Bookcase,1072.344
Central,Eldon Antistatic Chair Mats For Low To Medium Pile Carpets,1052.9
Central,Gueststacker Chair With Chrome Finish Legs,1040.928
Central,Bevis 44 X 96 Conference Tables,1029.5
Central,Office Star Flex Back Scooter Chair With Aluminum Finish Frame,1008.9000000000001
Central,"Global Value Steno Chair, Gray",971.8399999999999
Central,"Global Leather & Oak Executive Chair, Burgundy",965.696
Central,Dmi Arturo Collection Mission-Style Design Wood Chair,951.174
Central,Global Enterprise Series Seating High-Back Swivel/Tilt Chairs,948.4300000000001
Central,"Bevis Traditional Conference Table Top, Plinth Base",933.408
Central,Hon Racetrack Conference Tables,918.785
Central,Bush Advantage Collection Racetrack Conference Table,890.841
Central,"Bush Heritage Pine Collection 5-Shelf Bookcase, Albany Pine Finish, *Special Order",876.8956000000001
Central,Bevis 36 X 72 Conference Tables,871.4300000000001
Central,Laminate Occasional Tables,863.128
Central,"Global Leather Highback Executive Chair With Pneumatic Height Adjustment, Black",844.116
Central,Harbour Creations 67200 Series Stacking Chairs,839.924
Central,Hon 2111 Invitation Series Straight Table,827.848
Central,"Bush Birmingham Collection Bookcase, Dark Cherry",825.174
Central,Eldon Clustermat Chair Mat With Cordless Antistatic Protection,800.624
Central,Hon Rectangular Conference Tables,796.425
Central,Sauder Camden County Collection Library,781.864
Central,Office Star Flex Back Scooter Chair With White Frame,776.86
Central,Boxoffice By Design Rectangular And Half-Moon Meeting Room Tables,765.625
Central,Hon 4700 Series Mobuis Mid-Back Task Chairs With Adjustable Arms,747.558
Central,Bush Advantage Collection Round Conference Table,744.1
Central,"Office Star - Contemporary Task Swivel Chair With Loop Arms, Charcoal",733.488
Central,"Bush Andora Conference Table, Maple/Graphite Gray Finish",718.116
Central,"Sauder Mission Library With Doors, Fruitwood Finish",712.5312
Central,"Global Geo Office Task Chair, Gray",704.5260000000001
Central,Global Troy Executive Leather Low-Back Tilter,701.372
Central,"Sauder Facets Collection Library, Sky Alder Finish",701.018
Central,"Bush Cubix Conference Tables, Fully Assembled",692.94
Central,"Hon Deluxe Fabric Upholstered Stacking Chairs, Squared Back",683.144
Central,Bretford Òjust In Timeó Height-Adjustable Multi-Task Work Tables,626.1
Central,"Sauder Camden County Collection Libraries, Planked Cherry Finish",616.2928
Central,"Padded Folding Chairs, Black, 4/Carton",615.448
Central,O'Sullivan Manor Hill 2-Door Library In Brianna Oak,615.332
Central,Harbour Creations Steel Folding Chair,603.75
Central,"Rubbermaid Clustermat Chairmats, Mat Size- 66"" X 60"", Lip 20"" X 11"" -90 Degree Angle",599.2919999999999
Central,"Situations Contoured Folding Chairs, 4/Set",596.232
Central,Hon 5100 Series Wood Tables,581.96
Central,Office Star - Mid Back Dual Function Ergonomic High Back Chair With 2-Way Adjustable Arms,563.43
Central,Hon Non-Folding Utility Tables,557.585
Central,"Tenex Chairmat W/ Average Lip, 45"" X 53""",544.896
Central,"Global Stack Chair Without Arms, Black",537.7860000000001
Central,Ki Conference Tables,524.586
Central,"Bevis Round Conference Table Top, X-Base",519.941
Central,"Rush Hierlooms Collection 1"" Thick Stackable Bookcases",512.94
Central,Bpi Conference Tables,511.175
Central,Rush Hierlooms Collection Rich Wood Bookcases,489.37919999999997
Central,"Safco Planmaster Heigh-Adjustable Drafting Table Base, 43W X 30D X 30-37H, Black",489.23
Central,"Global Value Mid-Back Manager'S Chair, Gray",487.12
Central,"Chromcraft 48"" X 96"" Racetrack Double Pedestal Table",480.96
Central,Safco Contoured Stacking Chairs,476.8
Central,"Global Push Button Manager'S Chair, Indigo",468.853
Central,Hon 4060 Series Tables,447.84
Central,Global Ergonomic Managers Chair,434.352
Central,Hon 4-Shelf Metal Bookcases,424.116
Central,Luxo Professional Fluorescent Magnifier Lamp With Clamp-Mount Base,419.68
Central,"Global Fabric Manager'S Chair, Dark Gray",414.01800000000003
Central,"Tenex Carpeted, Granite-Look Or Clear Contemporary Contour Shape Chair Mats",410.118
Central,Global Highback Leather Tilter In Burgundy,409.455
Central,"Hon Metal Bookcases, Black",406.00559999999996
Central,"Bush Westfield Collection Bookcases, Dark Cherry Finish",405.86
Central,"Deflect-O Rollamat Studded, Beveled Mat For Medium Pile Carpeting",405.812
Central,Riverside Furniture Stanwyck Manor Table Series,401.59
Central,Safco Drafting Table,397.488
Central,Office Star - Mesh Screen Back Chair With Vinyl Seat,392.94
Central,"Safco Value Mate Series Steel Bookcases, Baked Enamel Finish On Steel, Gray",383.29200000000003
Central,Bevis Round Conference Room Tables And Bases,376.509
Central,Deflect-O Glass Clear Studded Chair Mats,373.08
Central,"Global Leather Task Chair, Black",359.96000000000004
Central,Sauder Inglewood Library Bookcases,359.058
Central,Chromcraft Rectangular Conference Tables,355.455
Central,"Bush Westfield Collection Bookcases, Fully Assembled",347.37120000000004
Central,Tenex Antistatic Computer Chair Mats,341.96
Central,"Global Armless Task Chair, Royal Blue",341.488
Central,"Atlantic Metals Mobile 2-Shelf Bookcases, Custom Colors",327.7328
Central,"Lesro Sheffield Collection Coffee Table, End Table, Center Table, Corner Table",314.028
Central,Office Star - Contemporary Task Swivel Chair,310.744
Central,Luxo Professional Combination Clamp-On Lamps,306.9
Central,Hon Valutask Swivel Chairs,302.94
Central,Office Star - Ergonomically Designed Knee Chair,299.626
Central,"Office Star - Contemporary Task Swivel Chair With 2-Way Adjustable Arms, Plum",275.058
Central,Bevis Boat-Shaped Conference Table,262.11
Central,"Deflect-O Economat Studded, No Bevel Mat For Low Pile Carpeting",256.18399999999997
Central,Hon Every-Day Chair Series Swivel Task Chairs,254.058
Central,O'Sullivan 4-Shelf Bookcase In Odessa Pine,241.96
Central,O'Sullivan Living Dimensions 2-Shelf Bookcases,241.96
Central,Hon Comfortask Task/Swivel Chairs,239.358
Central,"Tenex ""The Solids"" Textured Chair Mats",223.87199999999999
Central,Sauder Barrister Bookcases,220.2656
Central,"Lesro Round Back Collection Coffee Table, End Table",219.06
Central,Global Deluxe Steno Chair,215.544
Central,"Hon Metal Bookcases, Gray",212.94
Central,"Tenex V2T-Re Standard Weight Series Chair Mat, 45"" X 53"", Lip 25"" X 12""",212.94
Central,"Iceberg Officeworks 42"" Round Tables",211.372
Central,Balt Solid Wood Rectangular Table,210.98
Central,Bush Mission Pointe Library,205.3328
Central,"Riverside Furniture Oval Coffee Table, Oval End Table, End Table With Drawer",200.795
Central,"Safco Value Mate Steel Bookcase, Baked Enamel Finish On Steel, Black",198.744
Central,"Global Stack Chair With Arms, Black",197.868
Central,Office Star - Contemporary Swivel Chair With Padded Adjustable Arms And Flex Back,197.372
Central,O'Sullivan 2-Shelf Heavy-Duty Bookcases,194.32
Central,"Tenex Traditional Chairmats For Medium Pile Carpet, Standard Lip, 36"" X 48""",194.07999999999998
Central,Hon 61000 Series Interactive Training Tables,191.04899999999998
Central,"Advantus Employee Of The Month Certificate Frame, 11 X 13-1/2",185.58
Central,Westinghouse Clip-On Gooseneck Lamps,184.14
Central,"O'Sullivan Elevations Bookcase, Cherry Finish",183.372
Central,Novimex Fabric Task Chair,182.94
Central,Eldon Cleatmat Plus Chair Mats For High Pile Carpets,159.04
Central,Nu-Dell Leatherette Frames,157.74
Central,"Eldon Expressions Desk Accessory, Wood Photo Frame, Mahogany",156.128
Central,"Eldon ""L"" Workstation Diamond Chairmat",151.96
Central,Flat Face Poster Frame,150.72
Central,"Executive Impressions 13"" Clairmont Wall Clock",146.148
Central,Bevis Rectangular Conference Tables,145.98
Central,Global Chrome Stack Chair,143.976
Central,"Seth Thomas 13 1/2"" Wall Clock",138.68400000000003
Central,Safco Optional Arm Kit For Workspace Cribbage Stacking Chair,138.528
Central,"Dataproducts Ampli Magnifier Task Lamp, Black,",135.3
Central,"C-Line Cubicle Keepers Polyproplyene Holder W/Velcro Back, 8-1/2X11, 25/Bx",131.376
Central,"Deflect-O Duramat Lighweight, Studded, Beveled Mat For Low Pile Carpeting",127.95
Central,"Howard Miller 16"" Diameter Gallery Wall Clock",127.88
Central,Executive Impressions Supervisor Wall Clock,126.3
Central,Eldon Advantage Foldable Chair Mats For Low Pile Carpets,108.4
Central,"Global Task Chair, Black",106.869
Central,Staple-Based Wall Hangings,104.588
Central,Tenex Chairmats For Use With Hard Floors,103.93599999999999
Central,"Howard Miller 13-3/4"" Diameter Brushed Chrome Round Wall Clock",103.5
Central,"Howard Miller 13"" Diameter Goldtone Round Wall Clock",103.268
Central,"Ge General Use Halogen Bulbs, 100 Watts, 1 Bulb Per Pack",100.512
Central,Tensor Track Tree Floor Lamp,99.95
Central,Eldon Executive Woodline Ii Cherry Finish Desk Accessories,98.13600000000001
Central,Howard Miller 12-3/4 Diameter Accuwave Ds  Wall Clock,94.428
Central,Nu-Dell Float Frame 11 X 14 1/2,91.596
Central,Safco Folding Chair Trolley,89.768
Central,"Dax Charcoal/Nickel-Tone Document Frame, 5 X 7",89.112
Central,12-1/2 Diameter Round Wall Clock,87.912
Central,Eldon Advantage Chair Mats For Low To Medium Pile Carpets,86.62
Central,Dax Black Cherry Wood-Tone Poster Frame,84.736
Central,Deflect-O Duramat Antistatic Studded Beveled Mat For Medium Pile Carpeting,84.272
Central,"Howard Miller 13-1/2"" Diameter Rosebrook Wall Clock",82.524
Central,"Bush Westfield Collection Bookcases, Medium Cherry Finish",78.8528
Central,Electrix Halogen Magnifier Lamp,77.72
Central,"Howard Miller 14-1/2"" Diameter Chrome Round Wall Clock",76.728
Central,"Executive Impressions 10"" Spectator Wall Clock",70.56
Central,"Contract Clock, 14"", Brown",70.336
Central,Balt Split Level Computer Training Table,69.375
Central,Eldon Expressions Mahogany Wood Desk Collection,68.64
Central,Bestar Classic Bookcase,67.9932
Central,Electrix 20W Halogen Replacement Bulb For Zoom-In Desk Lamp,67.0
Central,Eldon Cleatmat Chair Mats For Medium Pile Carpets,66.6
Central,"Seth Thomas 16"" Steel Case Clock",64.96
Central,"Career Cubicle Clock, 8 1/4"", Black",60.84
Central,Dax Wood Document Frame,60.412
Central,3M Polarizing Light Filter Sleeves,59.67999999999999
Central,"Deflect-O Supertray Unbreakable Stackable Tray, Letter, Black",58.36
Central,Contemporary Wood/Metal Frame,58.176
Central,Coloredge Poster Frame,56.8
Central,"C-Line Magnetic Cubicle Keepers, Clear Polypropylene",54.34
Central,"Howard Miller 11-1/2"" Diameter Grantwood Wall Clock",51.756
Central,"Dax Value U-Channel Document Frames, Easel Back",51.688
Central,"Tenex Traditional Chairmats For Hard Floors, Average Lip, 36"" X 48""",51.56
Central,Eldon 200 Class Desk Accessories,50.239999999999995
Central,"Metal Folding Chairs, Beige, 4/Carton",47.516
Central,"Executive Impressions 14"" Contract Wall Clock With Quartz Movement",44.46
Central,36X48 Hardfloor Chairmat,41.959999999999994
Central,"Howard Miller 11-1/2"" Diameter Ridgewood Wall Clock",41.552
Central,"Dana Fluorescent Magnifying Lamp, White, 36""",40.784
Central,"Seth Thomas 8 1/2"" Cubicle Clock",40.56
Central,"Dax Metal Frame, Desktop, Stepped-Edge",40.480000000000004
Central,"Eldon Expressions Wood Desk Accessories, Oak",38.376
Central,"Executive Impressions 12"" Wall Clock",35.34
Central,"Howard Miller 11-1/2"" Diameter Brentwood Wall Clock",34.504
Central,Dax Cubicle Frames - 8X10,33.465999999999994
Central,Dax Wood Document Frame.,32.952
Central,"Executive Impressions 16-1/2"" Circular Wall Clock",32.064
Central,Dax Natural Wood-Tone Poster Frame,31.776
Central,"Linden 10"" Round Wall Clock, Black",30.56
Central,"Master Giant Foot Doorstop, Safety Yellow",30.36
Central,"Eldon Delta Triangular Chair Mat, 52"" X 58"", Clear",30.344
Central,"Dax Two-Tone Rosewood/Black Document Frame, Desktop, 5 X 7",30.336
Central,Nu-Dell Executive Frame,30.336
Central,"Electrix Incandescent Magnifying Lamp, Black",29.32
Central,"Master Caster Door Stop, Brown",26.416
Central,Longer-Life Soft White Bulbs,25.872
Central,Dana Swing-Arm Lamps,25.632
Central,"Dax Copper Panel Document Frame, 5 X 7 Size",25.16
Central,"Eldon Image Series Desk Accessories, Ebony",24.7
Central,Telescoping Adjustable Floor Lamp,23.988
Central,Howard Miller Distant Time Traveler Alarm Clock,21.936
Central,"Eldon Executive Woodline Ii Desk Accessories, Mahogany",20.104
Central,"Eldon Expressions Desk Accessory, Wood Pencil Holder, Oak",19.3
Central,Eldon Wave Desk Accessories,18.02
Central,Dax Clear Channel Poster Frame,17.496
Central,"Eldon ImGe Series Desk Accessories, Clear",17.496
Central,Dax Clear Box Frame,17.46
Central,"Dax Cubicle Frames, 8-1/2 X 11",17.14
Central,Dax Two-Tone Silver Metal Document Frame,16.192
Central,Eldon 100 Class Desk Accessories,16.176
Central,"Eldon Expressions Punched Metal & Wood Desk Accessories, Black & Cherry",15.008
Central,Ultra Door Push Plate,14.73
Central,"Master Caster Door Stop, Large Neon Orange",14.56
Central,Advantus Panel Wall Acrylic Frame,14.222000000000001
Central,"Eldon 400 Class Desk Accessories, Black Carbon",14.0
Central,Stacking Trays By Oic,13.944
Central,Tensor Brushed Steel Torchiere Floor Lamp,13.592
Central,"Ge General Purpose, Extra Long Life, Showcase & Floodlight Incandescent Bulbs",13.386
Central,G.E. Longer-Life Indoor Recessed Floodlight Bulbs,13.280000000000001
Central,"Stacking Tray, Side-Loading, Legal, Smoke",12.544
Central,Aluminum Document Frame,12.22
Central,Contemporary Borderless Frame,10.332
Central,"6"" Cubicle Wall Clock, Black",9.708
Central,"Eldon Regeneration Recycled Desk Accessories, Black",9.68
Central,"Master Caster Door Stop, Large Brown",8.736
Central,Nu-Dell Ez-Mount Plastic Wall Frames,7.88
Central,"Floodlight Indoor Halogen Bulbs, 1 Bulb Per Pack, 60 Watts",7.76
Central,"Eldon Image Series Desk Accessories, Burgundy",6.688
Central,G.E. Halogen Desk Lamp Bulbs,5.584
Central,Oic Stacking Trays,5.344
Central,3M Hangers With Command Adhesive,2.96
Central,"Master Caster Door Stop, Gray",2.032
Central,C-Line Cubicle Keepers Polyproplyene Holder With Velcro Backings,1.892
East,"Riverside Palais Royal Lawyers Bookcase, Royale Cherry Finish",11717.034
East,Hon 5400 Series Task Chairs For Big And Tall,8201.466
East,Dmi Eclipse Executive Suite Bookcases,7214.112
East,"Hon Deluxe Fabric Upholstered Stacking Chairs, Rounded Back",4538.028
East,Hon 4700 Series Mobuis Mid-Back Task Chairs With Adjustable Arms,4342.956
East,"Riverside Furniture Oval Coffee Table, Oval End Table, End Table With Drawer",3958.53
East,Global Ergonomic Managers Chair,3691.992
East,Safco Contoured Stacking Chairs,3504.48
East,Bretford Rectangular Conference Table Tops,3159.492
East,Global Commerce Series High-Back Swivel/Tilt Chairs,3134.78
East,Global Comet Stacking Arm Chair,3042.072
East,"Atlantic Metals Mobile 3-Shelf Bookcases, Custom Colors",2975.172
East,Hon Every-Day Series Multi-Task Chairs,2932.488
East,"Atlantic Metals Mobile 4-Shelf Bookcases, Custom Colors",2922.192
East,Hon 4070 Series Pagoda Armless Upholstered Stacking Chairs,2888.127
East,"Global Leather Highback Executive Chair With Pneumatic Height Adjustment, Black",2733.328
East,Office Star - Contemporary Swivel Chair With Padded Adjustable Arms And Flex Back,2664.522
East,Hon Olson Stacker Chairs,2621.322
East,Global Leather Executive Chair,2492.029
East,Office Star - Mid Back Dual Function Ergonomic High Back Chair With 2-Way Adjustable Arms,2462.9939999999997
East,Global Commerce Series Low-Back Swivel/Tilt Chairs,2441.31
East,"Chromcraft Bull-Nose Wood 48"" X 96"" Rectangular Conference Tables",2369.214
East,Global Troy Executive Leather Low-Back Tilter,2254.41
East,"Global Adaptabilites Bookcase, Cherry/Storm Gray Finish",2154.9
East,"Office Impressions End Table, 20-1/2""H X 24""W X 20""D",2126.3199999999997
East,Luxo Professional Fluorescent Magnifier Lamp With Clamp-Mount Base,2056.432
East,Chromcraft Round Conference Tables,1969.4769999999999
East,Hon Gueststacker Chair,1949.3619999999999
East,"Office Star - Contemporary Task Swivel Chair With Loop Arms, Charcoal",1899.21
East,Hon 4070 Series Pagoda Round Back Stacking Chairs,1893.7820000000002
East,"Bevis Oval Conference Table, Walnut",1879.056
East,O'Sullivan Living Dimensions 5-Shelf Bookcases,1767.84
East,Electrix Halogen Magnifier Lamp,1748.7
East,"Lifetime Advantage Folding Chairs, 4/Carton",1744.64
East,Safco Arco Folding Chair,1629.5800000000002
East,Office Star - Ergonomic Mid Back Chair With 2-Way Adjustable Arms,1628.82
East,"Global Fabric Manager'S Chair, Dark Gray",1605.582
East,Hon Pagoda Stacking Chairs,1604.9
East,Chromcraft Rectangular Conference Tables,1564.002
East,Sauder Inglewood Library Bookcases,1504.6240000000003
East,"Safco Planmaster Heigh-Adjustable Drafting Table Base, 43W X 30D X 30-37H, Black",1502.635
East,"Situations Contoured Folding Chairs, 4/Set",1483.482
East,"Global Leather And Oak Executive Chair, Black",1474.802
East,Hon 94000 Series Round Tables,1421.664
East,O'Sullivan 2-Door Barrister Bookcase In Odessa Pine,1393.546
East,Hon Olson Stacker Stools,1379.9379999999999
East,Tenex Antistatic Computer Chair Mats,1367.84
East,Bush Advantage Collection Racetrack Conference Table,1272.63
East,"Bevis Round Bullnose 29"" High Table Top",1272.579
East,Hon Mobius Operator'S Chair,1106.9099999999999
East,"Bevis Traditional Conference Table Top, Plinth Base",1100.088
East,Balt Solid Wood Round Tables,1071.576
East,Ki Adjustable-Height Table,1066.152
East,"Chromcraft 48"" X 96"" Racetrack Double Pedestal Table",1058.112
East,Bretford Cr4500 Series Slim Rectangular Table,1044.63
East,"Hon Metal Bookcases, Putty",1036.3080000000002
East,"Hon 30"" X 60"" Table With Locking Drawer",1023.1800000000001
East,"Global High-Back Leather Tilter, Burgundy",983.9200000000001
East,Global Italian Leather Office Chair,969.252
East,"Atlantic Metals Mobile 5-Shelf Bookcases, Custom Colors",963.136
East,"Deflect-O Rollamat Studded, Beveled Mat For Medium Pile Carpeting",940.7460000000001
East,"Howard Miller 13-3/4"" Diameter Brushed Chrome Round Wall Clock",910.8
East,Hon Multipurpose Stacking Arm Chairs,909.72
East,"Global Armless Task Chair, Royal Blue",908.602
East,Global Comet Stacking Armless Chair,897.15
East,"Global Wood Trimmed Manager'S Task Chair, Khaki",882.506
East,"Ge 48"" Fluorescent Tube, Cool White Energy Saver, 34 Watts, 30/Box",873.224
East,Bevis Boat-Shaped Conference Table,864.963
East,Luxo Professional Magnifying Clamp-On Fluorescent Lamps,852.882
East,"Global Push Button Manager'S Chair, Indigo",852.46
East,"O'Sullivan Elevations Bookcase, Cherry Finish",838.2719999999999
East,"Iceberg Officeworks 42"" Round Tables",815.292
East,"Barricks 18"" X 48"" Non-Folding Utility Table With Bottom Storage Shelf",806.4
East,"Sauder Camden County Collection Libraries, Planked Cherry Finish",804.8599999999999
East,Luxo Adjustable Task Clamp Lamp,799.56
East,Hon 2090 Òpillow Softó Series Mid Back Swivel/Tilt Chairs,786.744
East,"Bush Andora Bookcase, Maple/Graphite Gray Finish",779.9350000000001
East,"Tenex Chairmat W/ Average Lip, 45"" X 53""",756.8
East,Office Star - Contemporary Task Swivel Chair,754.664
East,"Sauder Forest Hills Library With Doors, Woodland Oak Finish",740.508
East,"Tenex 46"" X 60"" Computer Anti-Static Chairmat, Rectangular Shaped",720.664
East,"Global Value Steno Chair, Gray",698.51
East,Global Low Back Tilter Chair,696.7620000000001
East,"Hon Metal Bookcases, Black",681.408
East,"Bush Cubix Collection Bookcases, Fully Assembled",662.9399999999999
East,Novimex Turbo Task Chair,660.114
East,"Iceberg Nesting Folding Chair, 19W X 6D X 43H",657.886
East,Bestar Classic Bookcase,649.935
East,"Tenex Contemporary Contur Chairmats For Low And Medium Pile Carpet, Computer, 39"" X 49""",645.18
East,"Leather Task Chair, Black",636.86
East,Global Deluxe Steno Chair,631.236
East,Office Star - Ergonomically Designed Knee Chair,623.546
East,"Howard Miller 11-1/2"" Diameter Ridgewood Wall Clock",623.28
East,O'Sullivan Plantations 2-Door Library In Landvery Oak,623.038
East,Global Executive Mid-Back Manager'S Chair,611.058
East,Global Highback Leather Tilter In Burgundy,600.5340000000001
East,Harbour Creations Steel Folding Chair,595.125
East,Office Star - Mesh Screen Back Chair With Vinyl Seat,576.312
East,"Padded Folding Chairs, Black, 4/Carton",566.86
East,"Bush Westfield Collection Bookcases, Fully Assembled",565.488
East,Bevis 36 X 72 Conference Tables,547.7560000000001
East,Executive Impressions Supervisor Wall Clock,547.3
East,"Global Airflow Leather Mesh Back Chair, Black",543.528
East,Hon Comfortask Task/Swivel Chairs,535.706
East,"Rubbermaid Clustermat Chairmats, Mat Size- 66"" X 60"", Lip 20"" X 11"" -90 Degree Angle",532.704
East,Hon 5100 Series Wood Tables,523.764
East,Riverside Furniture Stanwyck Manor Table Series,516.33
East,"Howard Miller 13"" Diameter Pewter Finish Round Wall Clock",515.28
East,Safco Folding Chair Trolley,512.96
East,"Eldon ""L"" Workstation Diamond Chairmat",486.27200000000005
East,O'Sullivan Living Dimensions 2-Shelf Bookcases,483.92
East,Bretford Cr8500 Series Meeting Room Furniture,481.176
East,Bevis Steel Folding Chairs,470.155
East,Office Star Flex Back Scooter Chair With White Frame,466.11600000000004
East,"Safco Planmaster Boards, 60W X 37-1/2D, White Melamine",455.97
East,"Howard Miller 13"" Diameter Goldtone Round Wall Clock",450.62399999999997
East,Hon Non-Folding Utility Tables,446.068
East,"Bush Andora Conference Table, Maple/Graphite Gray Finish",444.548
East,Howard Miller Distant Time Traveler Alarm Clock,427.752
East,"Metal Folding Chairs, Beige, 4/Carton",427.644
East,"Bush Westfield Collection Bookcases, Medium Cherry Finish",423.25399999999996
East,Deflect-O Duramat Antistatic Studded Beveled Mat For Medium Pile Carpeting,421.36
East,Hon Rectangular Conference Tables,409.59000000000003
East,"Hon Practical Foundations 30 X 60 Training Table, Light Gray/Charcoal",409.59
East,Dmi Arturo Collection Mission-Style Design Wood Chair,407.646
East,Deflect-O Glass Clear Studded Chair Mats,397.952
East,Sauder Barrister Bookcases,388.704
East,"Howard Miller 14-1/2"" Diameter Chrome Round Wall Clock",383.64
East,"Global Value Mid-Back Manager'S Chair, Gray",383.607
East,"C-Line Cubicle Keepers Polyproplyene Holder W/Velcro Back, 8-1/2X11, 25/Bx",383.18
East,Ki Conference Tables,382.806
East,Hon 2111 Invitation Series Corner Table,376.866
East,Balt Split Level Computer Training Table,360.75
East,"Seth Thomas 14"" Putty-Colored Wall Clock",357.948
East,"Bush Heritage Pine Collection 5-Shelf Bookcase, Albany Pine Finish, *Special Order",352.45
East,Bevis Rectangular Conference Tables,350.352
East,Novimex Fabric Task Chair,341.488
East,Global Adaptabilities Conference Tables,337.176
East,9-3/4 Diameter Round Wall Clock,330.96000000000004
East,Chromcraft Bull-Nose Wood Oval Conference Tables & Bases,330.588
East,"Lesro Round Back Collection Coffee Table, End Table",328.59
East,Hon Every-Day Chair Series Swivel Task Chairs,326.646
East,Harbour Creations 67200 Series Stacking Chairs,320.31
East,Novimex Swivel Fabric Task Chair,317.058
East,"Deflect-O Economat Studded, No Bevel Mat For Low Pile Carpeting",314.032
East,Hon 2111 Invitation Series Straight Table,310.443
East,Eldon Advantage Chair Mats For Low To Medium Pile Carpets,303.17
East,O'Sullivan 4-Shelf Bookcase In Odessa Pine,302.45
East,Bush Mission Pointe Library,301.96
East,O'Sullivan Living Dimensions 3-Shelf Bookcases,301.47
East,"Floodlight Indoor Halogen Bulbs, 1 Bulb Per Pack, 60 Watts",291.0
East,Global Chrome Stack Chair,287.952
East,"Howard Miller 12"" Round Wall Clock",282.888
East,Dax Black Cherry Wood-Tone Poster Frame,280.688
East,"Computer Room Manger, 14""",279.328
East,O'Sullivan 3-Shelf Heavy-Duty Bookcases,273.258
East,Hon Valutask Swivel Chairs,272.646
East,"Safco Chair Connectors, 6/Carton",257.816
East,"Dana Fluorescent Magnifying Lamp, White, 36""",254.9
East,"Advantus Employee Of The Month Certificate Frame, 11 X 13-1/2",247.44
East,O'Sullivan 5-Shelf Heavy-Duty Bookcases,245.82
East,"Dataproducts Ampli Magnifier Task Lamp, Black,",243.54000000000002
East,"Global Stack Chair With Arms, Black",239.84
East,"Deflect-O Economat Nonstudded, No Bevel Mat",237.58999999999997
East,"Seth Thomas 16"" Steel Case Clock",233.856
East,Tenex B1-Re Series Chair Mats For Low Pile Carpets,229.89999999999998
East,"Bevis Round Conference Table Top, X-Base",215.148
East,Nu-Dell Executive Frame,214.88
East,"Safco Value Mate Series Steel Bookcases, Baked Enamel Finish On Steel, Gray",212.94
East,Tensor Computer Mounted Lamp,208.46
East,"Seth Thomas 12"" Clock W/ Goldtone Case",206.82
East,Eldon Radial Chair Mat For Low To Medium Pile Carpets,199.9
East,Tensor Track Tree Floor Lamp,199.9
East,"Lesro Sheffield Collection Coffee Table, End Table, Center Table, Corner Table",199.836
East,"Linden 10"" Round Wall Clock, Black",192.528
East,Eldon Cleatmat Plus Chair Mats For High Pile Carpets,190.848
East,Dax Natural Wood-Tone Poster Frame,190.656
East,High-Back Leather Manager'S Chair,181.986
East,Eldon Clustermat Chair Mat With Cordless Antistatic Protection,181.96
East,"Tenex Traditional Chairmats For Medium Pile Carpet, Standard Lip, 36"" X 48""",181.95
East,"Bush Westfield Collection Bookcases, Dark Cherry Finish",173.94
East,Global Deluxe Office Fabric Chairs,172.764
East,Global Super Steno Chair,172.764
East,"Rush Hierlooms Collection 1"" Thick Stackable Bookcases",170.98
East,"Seth Thomas 14"" Day/Date Wall Clock",170.88
East,Eldon Antistatic Chair Mats For Low To Medium Pile Carpets,168.464
East,Magnifier Swing Arm Lamp,167.84
East,Eldon 500 Class Desk Accessories,164.152
East,Office Star - Task Chair With Contemporary Loop Arms,163.764
East,24-Hour Round Wall Clock,159.84
East,"Dax Executive Solid Wood Document Frame, Desktop Or Hang, Mahogany, 5 X 7",158.50799999999998
East,"Eldon Delta Triangular Chair Mat, 52"" X 58"", Clear",151.72
East,"Global Manager'S Adjustable Task Chair, Storm",150.98
East,"Global Geo Office Task Chair, Gray",145.764
East,"Executive Impressions 14"" Two-Color Numerals Wall Clock",140.86399999999998
East,"Eldon Executive Woodline Ii Desk Accessories, Mahogany",140.728
East,"Bush Cubix Conference Tables, Fully Assembled",138.588
East,"Career Cubicle Clock, 8 1/4"", Black",133.848
East,"Executive Impressions 14""",133.38
East,Hon 61000 Series Interactive Training Tables,133.29000000000002
East,Bush Somerset Collection Bookcase,130.98
East,Eldon Econocleat Chair Mats For Low Pile Carpets,124.41
East,36X48 Hardfloor Chairmat,117.488
East,Coloredge Poster Frame,113.6
East,Eldon Advantage Foldable Chair Mats For Low Pile Carpets,108.4
East,Luxo Professional Combination Clamp-On Lamps,102.3
East,"Dax Metal Frame, Desktop, Stepped-Edge",101.19999999999999
East,Dax Two-Tone Silver Metal Document Frame,101.19999999999999
East,"Dax Two-Tone Rosewood/Black Document Frame, Desktop, 5 X 7",100.488
East,Artistic Insta-Plaque,94.08
East,Dax Solid Wood Frames,93.792
East,"Tensor ""Hersey Kiss"" Styled Floor Lamp",93.52799999999999
East,Office Star Flex Back Scooter Chair With Aluminum Finish Frame,90.801
East,Staple-Based Wall Hangings,89.152
East,"Dax Contemporary Wood Frame With Silver Metal Mat, Desktop, 11 X 14 Size",89.056
East,"Contract Clock, 14"", Brown",87.92
East,"Deflect-O Supertray Unbreakable Stackable Tray, Letter, Black",87.54
East,"Deflect-O Duramat Lighweight, Studded, Beveled Mat For Low Pile Carpeting",85.3
East,Dax Wood Document Frame,82.38
East,"Eldon 200 Class Desk Accessories, Burgundy",81.64
East,"Global Leather Task Chair, Black",80.991
East,Electrix 20W Halogen Replacement Bulb For Zoom-In Desk Lamp,80.4
East,"Master Caster Door Stop, Brown",79.248
East,"Ultra Door Kickplate, 8""H X 34""W",79.12
East,"Master Big Foot Doorstop, Beige",78.144
East,Nu-Dell Oak Frame,76.896
East,"Executive Impressions 13"" Chairman Wall Clock",76.14
East,Ultra Door Push Plate,74.632
East,"Dax Value U-Channel Document Frames, Easel Back",74.55
East,Eldon Wave Desk Accessories,73.11
East,"Westinghouse Floor Lamp With Metal Mesh Shade, Black",71.97
East,"Global Deluxe Stacking Chair, Gray",71.372
East,"Global Task Chair, Black",71.246
East,"Seth Thomas 13 1/2"" Wall Clock",71.12
East,"Tenex Carpeted, Granite-Look Or Clear Contemporary Contour Shape Chair Mats",70.71
East,"Eldon 200 Class Desk Accessories, Smoke",69.08
East,"Howard Miller 11-1/2"" Diameter Grantwood Wall Clock",69.008
East,"Eldon Expressions Punched Metal & Wood Desk Accessories, Pewter & Cherry",68.096
East,Flat Face Poster Frame,67.824
East,Hon 4060 Series Tables,67.176
East,"Howard Miller 16"" Diameter Gallery Wall Clock",63.94
East,Ultra Commercial Grade Dual Valve Door Closer,63.824
East,"Eldon 400 Class Desk Accessories, Black Carbon",63.0
East,Sauder Cornerstone Collection Library,61.96
East,"6"" Cubicle Wall Clock, Black",58.248
East,"Master Caster Door Stop, Large Neon Orange",58.24
East,"Dax Charcoal/Nickel-Tone Document Frame, 5 X 7",56.879999999999995
East,"Westinghouse Mesh Shade Clip-On Gooseneck Lamp, Black",56.56
East,"Eldon 200 Class Desk Accessories, Black",56.52
East,Hand-Finished Solid Wood Document Frame,54.768
East,Eldon 200 Class Desk Accessories,51.496
East,Tensor Brushed Steel Torchiere Floor Lamp,50.97
East,Nu-Dell Float Frame 11 X 14 1/2,50.288000000000004
East,G.E. Halogen Desk Lamp Bulbs,50.256
East,Nu-Dell Leatherette Frames,45.888
East,"Executive Impressions 14"" Contract Wall Clock",44.46
East,Oic Stacking Trays,44.087999999999994
East,"Dax Cubicle Frames, 8-1/2 X 11",42.85
East,"Executive Impressions 12"" Wall Clock",42.408
East,Telescoping Adjustable Floor Lamp,39.98
East,Luxo Economy Swing Arm Lamp,39.88
East,"Ge 4 Foot Flourescent Tube, 40 Watt",38.948
East,Contemporary Wood/Metal Frame,38.784
East,"Eldon Expressions Punched Metal & Wood Desk Accessories, Black & Cherry",37.519999999999996
East,"Eldon Expressions Wood Desk Accessories, Oak",36.9
East,"Executive Impressions 10"" Spectator Wall Clock",35.28
East,G.E. Longer-Life Indoor Recessed Floodlight Bulbs,34.528
East,Stacking Trays By Oic,33.864000000000004
East,12-1/2 Diameter Round Wall Clock,31.968
East,Ultra Door Pull Handle,31.56
East,"Master Giant Foot Doorstop, Safety Yellow",30.36
East,"Eldon Stackable Tray, Side-Load, Legal, Smoke",27.42
East,Anderson Hickey Conga Table Tops & Accessories,27.414
East,"Executive Impressions 16-1/2"" Circular Wall Clock",26.72
East,Tenex Chairmats For Use With Hard Floors,25.984
East,3M Hangers With Command Adhesive,25.16
East,"Stacking Tray, Side-Loading, Legal, Smoke",25.088
East,"Eldon ImGe Series Desk Accessories, Clear",24.3
East,Advantus Panel Wall Acrylic Frame,21.88
East,"Eldon Expressions Wood And Plastic Desk Accessories, Cherry Wood",20.94
East,"Eldon Image Series Desk Accessories, Burgundy",20.9
East,Dax Clear Box Frame,17.46
East,"C-Line Magnetic Cubicle Keepers, Clear Polypropylene",14.82
East,Eldon Pizzaz Desk Accessories,14.272
East,Nu-Dell Ez-Mount Plastic Wall Frames,11.82
East,Eldon Image Series Black Desk Accessories,11.591999999999999
East,Dax Cubicle Frames - 8X10,11.54
East,C-Line Cubicle Keepers Polyproplyene Holder With Velcro Backings,11.352
East,Acrylic Self-Standing Desk Frames,10.68
East,Regeneration Desk Collection,10.56
East,"Eldon Regeneration Recycled Desk Accessories, Smoke",8.352
East,Magna Visual Magnetic Picture Hangers,7.712
East,Westinghouse Clip-On Gooseneck Lamps,6.696
East,Longer-Life Soft White Bulbs,6.16
East,"Ge General Purpose, Extra Long Life, Showcase & Floodlight Incandescent Bulbs",4.656
South,Chromcraft Bull-Nose Wood Oval Conference Tables & Bases,6611.76
South,O'Sullivan 2-Door Barrister Bookcase In Odessa Pine,3185.2479999999996
South,High-Back Leather Manager'S Chair,2859.78
South,Hon 5400 Series Task Chairs For Big And Tall,2803.92
South,Bush Advantage Collection Racetrack Conference Table,2714.944
South,Global Deluxe High-Back Manager'S Chair,2573.82
South,"Office Impressions End Table, 20-1/2""H X 24""W X 20""D",2430.08
South,Hon Rectangular Conference Tables,2275.5
South,"Chromcraft 48"" X 96"" Racetrack Double Pedestal Table",2244.48
South,Bevis 44 X 96 Conference Tables,2223.72
South,Bretford Rectangular Conference Table Tops,2125.1345
South,"Hon Deluxe Fabric Upholstered Stacking Chairs, Rounded Back",2098.228
South,Hon Racetrack Conference Tables,2047.578
South,Bretford Cr8500 Series Meeting Room Furniture,2004.9
South,Balt Solid Wood Round Tables,1875.258
South,Global Commerce Series High-Back Swivel/Tilt Chairs,1823.872
South,"Iceberg Officeworks 42"" Round Tables",1811.7599999999998
South,"Global Leather Highback Executive Chair With Pneumatic Height Adjustment, Black",1768.624
South,Office Star - Professional Matrix Back Chair With 2-To-1 Synchro Tilt And Mesh Fabric Seat,1754.9
South,Hon Multipurpose Stacking Arm Chairs,1732.8
South,Bpi Conference Tables,1730.6925
South,Global Comet Stacking Arm Chair,1690.04
South,"Chromcraft Bull-Nose Wood 48"" X 96"" Rectangular Conference Tables",1652.94
South,Tenex Antistatic Computer Chair Mats,1607.212
South,Hon Olson Stacker Chairs,1482.768
South,Hon 5100 Series Wood Tables,1396.7040000000002
South,Hon Olson Stacker Stools,1379.938
South,Hon 2111 Invitation Series Corner Table,1256.22
South,"Safco Planmaster Boards, 60W X 37-1/2D, White Melamine",1215.92
South,Dmi Arturo Collection Mission-Style Design Wood Chair,1207.84
South,Harbour Creations Steel Folding Chair,1190.25
South,Hon 4070 Series Pagoda Armless Upholstered Stacking Chairs,1166.92
South,Bretford Cr4500 Series Slim Rectangular Table,1149.093
South,Hon 2090 Òpillow Softó Series Mid Back Swivel/Tilt Chairs,1123.92
South,"3M Polarizing Task Lamp With Clamp Arm, Light Gray",1095.84
South,Hon 4700 Series Mobuis Mid-Back Task Chairs With Adjustable Arms,1067.94
South,"Global Manager'S Adjustable Task Chair, Storm",1056.86
South,Ki Adjustable-Height Table,1001.667
South,Global Executive Mid-Back Manager'S Chair,989.332
South,"Office Star - Contemporary Task Swivel Chair With Loop Arms, Charcoal",943.056
South,"Bevis Round Bullnose 29"" High Table Top",934.956
South,Office Star - Mesh Screen Back Chair With Vinyl Seat,916.86
South,"Electrix Architect'S Clamp-On Swing Arm Lamp, Black",859.14
South,Global Adaptabilities Conference Tables,842.94
South,"Hon Practical Foundations 30 X 60 Training Table, Light Gray/Charcoal",830.5575
South,"Global Push Button Manager'S Chair, Indigo",815.926
South,Hon 4-Shelf Metal Bookcases,807.8399999999999
South,Global Highback Leather Tilter In Burgundy,764.316
South,"Global Wood Trimmed Manager'S Task Chair, Khaki",764.232
South,"Tenex Chairmat W/ Average Lip, 45"" X 53""",756.8
South,"Howard Miller 13-1/2"" Diameter Rosebrook Wall Clock",728.962
South,Global Ergonomic Managers Chair,723.92
South,O'Sullivan Manor Hill 2-Door Library In Brianna Oak,723.92
South,Boxoffice By Design Rectangular And Half-Moon Meeting Room Tables,721.875
South,Eldon Cleatmat Plus Chair Mats For High Pile Carpets,715.6800000000001
South,Howard Miller 12-3/4 Diameter Accuwave Ds  Wall Clock,692.472
South,Safco Arco Folding Chair,662.88
South,Hon 4070 Series Pagoda Round Back Stacking Chairs,641.96
South,"Hon Metal Bookcases, Gray",638.82
South,"Global Value Mid-Back Manager'S Chair, Gray",621.078
South,Office Star Flex Back Scooter Chair With Aluminum Finish Frame,605.34
South,"Bush Andora Bookcase, Maple/Graphite Gray Finish",599.95
South,"Situations Contoured Folding Chairs, 4/Set",596.232
South,"Ge 48"" Fluorescent Tube, Cool White Energy Saver, 34 Watts, 30/Box",595.38
South,Hon 2111 Invitation Series Straight Table,591.32
South,Bush Somerset Collection Bookcase,576.3119999999999
South,Global Leather Executive Chair,561.584
South,O'Sullivan 3-Shelf Heavy-Duty Bookcases,523.26
South,Hon Valutask Swivel Chairs,504.9
South,"Safco Chair Connectors, 6/Carton",500.24
South,Tenex B1-Re Series Chair Mats For Low Pile Carpets,496.584
South,Global Deluxe Office Fabric Chairs,479.9
South,"Bush Westfield Collection Bookcases, Medium Cherry Finish",463.84
South,"Sauder Forest Hills Library, Woodland Oak Finish",451.136
South,"Iceberg Nesting Folding Chair, 19W X 6D X 43H",419.18399999999997
South,"Office Star - Contemporary Task Swivel Chair With 2-Way Adjustable Arms, Plum",419.136
South,Luxo Adjustable Task Clamp Lamp,390.896
South,Novimex Fabric Task Chair,390.272
South,O'Sullivan 4-Shelf Bookcase In Odessa Pine,387.136
South,Chromcraft Round Conference Tables,383.438
South,O'Sullivan 2-Shelf Heavy-Duty Bookcases,378.924
South,Deflect-O Glass Clear Studded Chair Mats,373.08
South,Hon Mobius Operator'S Chair,368.97
South,Balt Solid Wood Rectangular Table,363.94050000000004
South,"Leather Task Chair, Black",363.92
South,"Advantus Employee Of The Month Certificate Frame, 11 X 13-1/2",358.788
South,"Bevis Round Conference Table Top, X-Base",358.58
South,"Lesro Sheffield Collection Coffee Table, End Table, Center Table, Corner Table",356.85
South,"Hon Metal Bookcases, Black",354.9
South,O'Sullivan Cherrywood Estates Traditional Bookcase,339.92
South,"Tenex 46"" X 60"" Computer Anti-Static Chairmat, Rectangular Shaped",339.136
South,Deflect-O Duramat Antistatic Studded Beveled Mat For Medium Pile Carpeting,337.088
South,Luxo Professional Fluorescent Magnifier Lamp With Clamp-Mount Base,335.744
South,Office Star - Contemporary Task Swivel Chair,332.94
South,"Lesro Round Back Collection Coffee Table, End Table",328.59
South,Electrix Fluorescent Magnifier Lamps & Weighted Base,315.776
South,Electrix Halogen Magnifier Lamp,310.88
South,"Bush Westfield Collection Bookcases, Fully Assembled",302.94
South,"Global Airflow Leather Mesh Back Chair, Black",301.96
South,Novimex Swivel Fabric Task Chair,301.96
South,"Global Leather And Oak Executive Chair, Black",300.98
South,"Global High-Back Leather Tilter, Burgundy",295.176
South,O'Sullivan Living Dimensions 2-Shelf Bookcases,290.352
South,"Dana Fluorescent Magnifying Lamp, White, 36""",285.488
South,Hon Comfortask Task/Swivel Chairs,273.552
South,"Tenex ""The Solids"" Textured Chair Mats",265.848
South,Sauder Cornerstone Collection Library,260.23199999999997
South,"Tenex Contemporary Contur Chairmats For Low And Medium Pile Carpet, Computer, 39"" X 49""",258.072
South,Eldon Radial Chair Mat For Low To Medium Pile Carpets,255.872
South,"Executive Impressions 14""",244.53
South,"Global Fabric Manager'S Chair, Dark Gray",242.352
South,"Sauder Camden County Barrister Bookcase, Planked Cherry Finish",241.96
South,Bush Mission Pointe Library,241.568
South,Global Comet Stacking Armless Chair,239.24
South,"Global Stack Chair Without Arms, Black",239.01600000000002
South,Bush Advantage Collection Round Conference Table,233.86
South,"Deflect-O Duramat Lighweight, Studded, Beveled Mat For Low Pile Carpeting",230.31
South,Dax Wood Document Frame,225.172
South,Advantus Panel Wall Certificate Holder - 8.5X11,209.84
South,Tenex Chairmats For Use With Hard Floors,207.87199999999999
South,24-Hour Round Wall Clock,207.792
South,"Howard Miller 16"" Diameter Gallery Wall Clock",191.82
South,"Seth Thomas 14"" Day/Date Wall Clock",187.96800000000002
South,"Executive Impressions 13"" Clairmont Wall Clock",169.224
South,Global Low Back Tilter Chair,161.568
South,"Global Stack Chair With Arms, Black",149.9
South,"Executive Impressions 14"" Two-Color Numerals Wall Clock",145.408
South,"Deflect-O Economat Studded, No Bevel Mat For Low Pile Carpeting",132.224
South,O'Sullivan 5-Shelf Heavy-Duty Bookcases,131.104
South,Eldon Advantage Chair Mats For Low To Medium Pile Carpets,129.93
South,"Dataproducts Ampli Magnifier Task Lamp, Black,",129.888
South,"Howard Miller 14-1/2"" Diameter Chrome Round Wall Clock",127.88
South,Dax Wood Document Frame.,126.316
South,"Executive Impressions 14"" Contract Wall Clock",124.488
South,"Barricks 18"" X 48"" Non-Folding Utility Table With Bottom Storage Shelf",120.96
South,"Seth Thomas 8 1/2"" Cubicle Clock",109.512
South,"Eldon Image Series Desk Accessories, Ebony",106.21000000000001
South,Luxo Professional Magnifying Clamp-On Fluorescent Lamps,104.01
South,Safco Folding Chair Trolley,102.592
South,"Metal Folding Chairs, Beige, 4/Carton",101.82
South,"Executive Impressions 13"" Chairman Wall Clock",101.52
South,"Global Value Steno Chair, Gray",97.184
South,"Tenex Traditional Chairmats For Medium Pile Carpet, Standard Lip, 36"" X 48""",97.04
South,"Eldon Expressions Desk Accessory, Wood Photo Frame, Mahogany",91.392
South,"Eldon Delta Triangular Chair Mat, 52"" X 58"", Clear",91.032
South,Hon 61000 Series Interactive Training Tables,79.974
South,Telescoping Adjustable Floor Lamp,79.96000000000001
South,"Eldon Expressions Wood And Plastic Desk Accessories, Oak",79.84
South,"Ultra Door Kickplate, 8""H X 34""W",79.12
South,"Computer Room Manger, 14""",77.952
South,"Seth Thomas 16"" Steel Case Clock",77.952
South,Ultra Door Pull Handle,75.744
South,"Westinghouse Floor Lamp With Metal Mesh Shade, Black",71.97
South,9-3/4 Diameter Round Wall Clock,71.708
South,Novimex High-Tech Fabric Mesh Task Chair,70.98
South,"Eldon Expressions Desk Accessory, Wood Pencil Holder, Oak",69.48
South,Tensor Brushed Steel Torchiere Floor Lamp,67.96
South,Executive Impressions Supervisor Wall Clock,67.36
South,"Global Geo Office Task Chair, Gray",64.784
South,"Padded Folding Chairs, Black, 4/Carton",64.784
South,Dax Black Cherry Wood-Tone Poster Frame,63.552
South,"Ge General Use Halogen Bulbs, 100 Watts, 1 Bulb Per Pack",62.82
South,Artistic Insta-Plaque,62.72
South,Aluminum Document Frame,61.1
South,Magna Visual Magnetic Picture Hangers,59.768
South,"Eldon Expressions Punched Metal & Wood Desk Accessories, Black & Cherry",56.28
South,Acrylic Self-Standing Desk Frames,54.468
South,"Executive Impressions 14"" Contract Wall Clock With Quartz Movement",53.352
South,C-Line Cubicle Keepers Polyproplyene Holder With Velcro Backings,52.03
South,"Howard Miller 11-1/2"" Diameter Ridgewood Wall Clock",51.94
South,"Howard Miller 13-3/4"" Diameter Brushed Chrome Round Wall Clock",51.75
South,Dana Swing-Arm Lamps,51.264
South,Staple-Based Wall Hangings,50.272
South,3M Hangers With Command Adhesive,45.879999999999995
South,Ultra Door Push Plate,45.172
South,3M Polarizing Light Filter Sleeves,44.76
South,Coloredge Poster Frame,42.6
South,12-1/2 Diameter Round Wall Clock,39.96
South,"Eldon 200 Class Desk Accessories, Burgundy",35.168
South,"Howard Miller 11-1/2"" Diameter Grantwood Wall Clock",34.504
South,"Master Caster Door Stop, Gray",30.48
South,"Dax Copper Panel Document Frame, 5 X 7 Size",30.192
South,Dax Clear Channel Poster Frame,29.16
South,"Master Caster Door Stop, Large Neon Orange",29.12
South,Stackable Trays,28.336000000000002
South,"Executive Impressions 12"" Wall Clock",28.272
South,"Eldon Stackable Tray, Side-Load, Legal, Smoke",27.42
South,"Eldon Expressions Wood Desk Accessories, Oak",26.567999999999998
South,"Dax Cubicle Frames, 8-1/2 X 11",25.71
South,Eldon Expressions Mahogany Wood Desk Collection,24.96
South,Eldon Wave Desk Accessories,23.84
South,Eldon Pizzaz Desk Accessories,23.192
South,"Eldon 400 Class Desk Accessories, Black Carbon",21.0
South,"Eldon Expressions Wood And Plastic Desk Accessories, Cherry Wood",20.94
South,"Master Caster Door Stop, Brown",20.32
South,Dax Two-Tone Silver Metal Document Frame,20.24
South,Document Clip Frames,20.016
South,"Eldon 200 Class Desk Accessories, Black",18.84
South,"Eldon 200 Class Desk Accessories, Smoke",18.84
South,"Ge General Purpose, Extra Long Life, Showcase & Floodlight Incandescent Bulbs",18.624
South,"Eldon Image Series Desk Accessories, Burgundy",16.72
South,Regeneration Desk Collection,15.84
South,Longer-Life Soft White Bulbs,15.4
South,G.E. Longer-Life Indoor Recessed Floodlight Bulbs,13.28
South,Advantus Panel Wall Acrylic Frame,13.128
South,Eldon Image Series Black Desk Accessories,12.42
South,Eldon 500 Class Desk Accessories,9.656
South,"Stacking Tray, Side-Loading, Legal, Smoke",8.96
South,"C-Line Magnetic Cubicle Keepers, Clear Polypropylene",7.904
South,"Eldon Regeneration Recycled Desk Accessories, Smoke",2.784
West,Global Troy Executive Leather Low-Back Tilter,10019.6
West,Gueststacker Chair With Chrome Finish Legs,8030.0160000000005
West,Bretford Rectangular Conference Table Tops,7710.665
West,Safco Arco Folding Chair,5744.96
West,Bretford Òjust In Timeó Height-Adjustable Multi-Task Work Tables,5008.8
West,Hon 94000 Series Round Tables,4798.116
West,Bush Advantage Collection Racetrack Conference Table,4666.3099999999995
West,Office Star - Professional Matrix Back Chair With 2-To-1 Synchro Tilt And Mesh Fabric Seat,4211.76
West,Hon 5400 Series Task Chairs For Big And Tall,3925.4880000000003
West,Dmi Eclipse Executive Suite Bookcases,3832.4970000000003
West,"Bevis Oval Conference Table, Walnut",3497.132
West,Hon 5100 Series Wood Tables,3462.662
West,Hon 2090 Òpillow Softó Series Mid Back Swivel/Tilt Chairs,3371.7599999999998
West,Chromcraft Round Conference Tables,3346.368
West,Chromcraft Rectangular Conference Tables,3033.216
West,Bevis 36 X 72 Conference Tables,2913.066
West,Bretford Cr8500 Series Meeting Room Furniture,2887.056
West,Bretford Cr4500 Series Slim Rectangular Table,2855.322
West,Global Leather Executive Chair,2807.92
West,Hon Non-Folding Utility Tables,2771.994
West,"Bush Cubix Conference Tables, Fully Assembled",2771.76
West,Hon Gueststacker Chair,2720.04
West,O'Sullivan Living Dimensions 3-Shelf Bookcases,2602.691
West,Bush Advantage Collection Round Conference Table,2423.6400000000003
West,"Global Leather And Oak Executive Chair, Black",2407.84
West,"Bush Heritage Pine Collection 5-Shelf Bookcase, Albany Pine Finish, *Special Order",2396.66
West,Global Comet Stacking Armless Chair,2392.4
West,Global Adaptabilities Conference Tables,2360.232
West,"Bevis Round Bullnose 29"" High Table Top",2337.39
West,Hon Pagoda Stacking Chairs,2311.056
West,Global Deluxe High-Back Manager'S Chair,2287.84
West,"Atlantic Metals Mobile 4-Shelf Bookcases, Custom Colors",2261.889
West,Hon 4070 Series Pagoda Armless Upholstered Stacking Chairs,2100.456
West,Dmi Arturo Collection Mission-Style Design Wood Chair,2053.328
West,"Lesro Round Back Collection Coffee Table, End Table",1971.54
West,O'Sullivan Living Dimensions 2-Shelf Bookcases,1953.827
West,"Bush Andora Bookcase, Maple/Graphite Gray Finish",1937.8384999999998
West,O'Sullivan 4-Shelf Bookcase In Odessa Pine,1808.6509999999998
West,"Rush Hierlooms Collection 1"" Thick Stackable Bookcases",1803.839
West,"Safco Planmaster Heigh-Adjustable Drafting Table Base, 43W X 30D X 30-37H, Black",1747.25
West,Safco Contoured Stacking Chairs,1716.48
West,"Bevis Round Conference Table Top, X-Base",1577.752
West,"Hon Deluxe Fabric Upholstered Stacking Chairs, Rounded Back",1561.472
West,"Atlantic Metals Mobile 3-Shelf Bookcases, Custom Colors",1552.831
West,"Chromcraft Bull-Nose Wood Round Conference Table Top, Wood Base",1524.9499999999998
West,Hon 2111 Invitation Series Corner Table,1507.464
West,Hon Every-Day Series Multi-Task Chairs,1503.84
West,"Hon Practical Foundations 30 X 60 Training Table, Light Gray/Charcoal",1501.83
West,"Riverside Palais Royal Lawyers Bookcase, Royale Cherry Finish",1497.666
West,"Global High-Back Leather Tilter, Burgundy",1475.88
West,"Atlantic Metals Mobile 5-Shelf Bookcases, Custom Colors",1459.753
West,"Global Airflow Leather Mesh Back Chair, Black",1449.408
West,"Lesro Sheffield Collection Coffee Table, End Table, Center Table, Corner Table",1427.4
West,Hon 4700 Series Mobuis Mid-Back Task Chairs With Adjustable Arms,1423.92
West,"Sauder Forest Hills Library, Woodland Oak Finish",1423.8980000000001
West,Bevis Boat-Shaped Conference Table,1415.394
West,Global Comet Stacking Arm Chair,1352.032
West,Chromcraft Bull-Nose Wood Oval Conference Tables & Bases,1322.352
West,"Chromcraft 48"" X 96"" Racetrack Double Pedestal Table",1314.624
West,"Global Wood Trimmed Manager'S Task Chair, Khaki",1310.112
West,"Safco Planmaster Boards, 60W X 37-1/2D, White Melamine",1307.114
West,Bevis Steel Folding Chairs,1304.92
West,"Global Adaptabilites Bookcase, Cherry/Storm Gray Finish",1292.94
West,Ki Adjustable-Height Table,1281.102
West,Ki Conference Tables,1233.4859999999999
West,Laminate Occasional Tables,1233.04
West,"Ge 48"" Fluorescent Tube, Cool White Energy Saver, 34 Watts, 30/Box",1230.452
West,Hon Multipurpose Stacking Arm Chairs,1212.96
West,"Tenex 46"" X 60"" Computer Anti-Static Chairmat, Rectangular Shaped",1208.172
West,Bestar Classic Bookcase,1179.882
West,Office Star - Mid Back Dual Function Ergonomic High Back Chair With 2-Way Adjustable Arms,1159.056
West,Global Ergonomic Managers Chair,1158.272
West,Office Star - Contemporary Swivel Chair With Padded Adjustable Arms And Flex Back,1127.84
West,Hon Olson Stacker Stools,1126.48
West,Dana Halogen Swing-Arm Architect Lamp,1114.384
West,Global Deluxe High-Back Office Chair In Storm,1087.92
West,Global Enterprise Series Seating High-Back Swivel/Tilt Chairs,1083.92
West,Global Super Steno Chair,1074.976
West,Luxo Professional Fluorescent Magnifier Lamp With Clamp-Mount Base,1049.2
West,"Howard Miller 14-1/2"" Diameter Chrome Round Wall Clock",1048.616
West,"Global Leather Task Chair, Black",1007.888
West,Hon Racetrack Conference Tables,997.538
West,"Tenex ""The Solids"" Textured Chair Mats",979.4399999999999
West,Novimex Fabric Task Chair,975.68
West,"Situations Contoured Folding Chairs, 4/Set",965.328
West,"Rubbermaid Clustermat Chairmats, Mat Size- 66"" X 60"", Lip 20"" X 11"" -90 Degree Angle",932.232
West,Global Deluxe Steno Chair,923.76
West,Luxo Professional Combination Clamp-On Lamps,920.7
West,Balt Solid Wood Round Tables,892.98
West,"O'Sullivan Elevations Bookcase, Cherry Finish",890.664
West,"Global Fabric Manager'S Chair, Dark Gray",888.624
West,Global Low Back Tilter Chair,888.624
West,Global Highback Leather Tilter In Burgundy,873.504
West,"Lifetime Advantage Folding Chairs, 4/Carton",872.32
West,Novimex High-Tech Fabric Mesh Task Chair,851.76
West,"Tenex Traditional Chairmats For Medium Pile Carpet, Standard Lip, 36"" X 48""",849.1
West,Deflect-O Duramat Antistatic Studded Beveled Mat For Medium Pile Carpeting,842.72
West,"Global Geo Office Task Chair, Gray",842.192
West,"Sauder Camden County Barrister Bookcase, Planked Cherry Finish",822.664
West,Hon 4070 Series Pagoda Round Back Stacking Chairs,770.352
West,Global Deluxe Office Fabric Chairs,767.84
West,"Sauder Facets Collection Library, Sky Alder Finish",726.665
West,Novimex Swivel Fabric Task Chair,724.704
West,"Global Leather & Oak Executive Chair, Burgundy",724.2719999999999
West,Hon 4060 Series Tables,716.544
West,Global Executive Mid-Back Manager'S Chair,698.352
West,"Global Deluxe Stacking Chair, Gray",693.328
West,Novimex Turbo Task Chair,681.408
West,"Howard Miller 11-1/2"" Diameter Brentwood Wall Clock",646.95
West,"Global Leather Highback Executive Chair With Pneumatic Height Adjustment, Black",643.136
West,Hon Comfortask Task/Swivel Chairs,638.288
West,Electrix Halogen Magnifier Lamp,621.76
West,"Iceberg Officeworks 42"" Round Tables",619.018
West,Balt Split Level Computer Training Table,610.5
West,"Global Manager'S Adjustable Task Chair, Storm",603.9200000000001
West,"Safco Value Mate Steel Bookcase, Baked Enamel Finish On Steel, Black",603.3299999999999
West,Sauder Camden County Collection Library,586.398
West,"Hon Deluxe Fabric Upholstered Stacking Chairs, Squared Back",585.552
West,"Padded Folding Chairs, Black, 4/Carton",583.056
West,Office Star - Ergonomic Mid Back Chair With 2-Way Adjustable Arms,579.136
West,Bush Somerset Collection Bookcase,556.665
West,Office Star Flex Back Scooter Chair With White Frame,532.704
West,"Howard Miller 13"" Diameter Pewter Finish Round Wall Clock",532.4559999999999
West,"Iceberg Nesting Folding Chair, 19W X 6D X 43H",512.336
West,Bevis Rectangular Conference Tables,510.92999999999995
West,"Sauder Camden County Collection Libraries, Planked Cherry Finish",488.665
West,"Howard Miller 13"" Diameter Goldtone Round Wall Clock",488.176
West,"Global Value Mid-Back Manager'S Chair, Gray",487.12
West,"Howard Miller 11-1/2"" Diameter Ridgewood Wall Clock",467.46
West,"Deflect-O Economat Nonstudded, No Bevel Mat",464.85
West,"Bush Westfield Collection Bookcases, Medium Cherry Finish",460.941
West,Flat Face Poster Frame,459.696
West,Office Star - Contemporary Task Swivel Chair,443.91999999999996
West,"Global Value Steno Chair, Gray",437.328
West,"Leather Task Chair, Black",436.704
West,Office Star - Task Chair With Contemporary Loop Arms,436.704
West,Deflect-O Glass Clear Studded Chair Mats,435.26
West,"Deflect-O Economat Studded, No Bevel Mat For Low Pile Carpeting",413.2
West,12-1/2 Diameter Round Wall Clock,391.608
West,Office Star - Ergonomically Designed Knee Chair,388.70400000000006
West,Hon Every-Day Chair Series Swivel Task Chairs,387.136
West,Global Chrome Stack Chair,383.936
West,"Eldon ""L"" Workstation Diamond Chairmat",364.704
West,Luxo Adjustable Task Clamp Lamp,355.36
West,Bevis Round Conference Table Top & Single Column Base,351.216
West,"Howard Miller 11-1/2"" Diameter Grantwood Wall Clock",345.04
West,Harbour Creations 67200 Series Stacking Chairs,341.664
West,Tensor Computer Mounted Lamp,327.58
West,O'Sullivan 3-Shelf Heavy-Duty Bookcases,322.677
West,Eldon Radial Chair Mat For Low To Medium Pile Carpets,319.84000000000003
West,Office Star - Mesh Screen Back Chair With Vinyl Seat,314.352
West,Luxo Professional Magnifying Clamp-On Fluorescent Lamps,312.03
West,High-Back Leather Manager'S Chair,311.976
West,Hon 2111 Invitation Series Straight Table,310.443
West,O'Sullivan 2-Door Barrister Bookcase In Odessa Pine,307.666
West,O'Sullivan Manor Hill 2-Door Library In Brianna Oak,307.666
West,Luxo Economy Swing Arm Lamp,299.1
West,"Deflect-O Supertray Unbreakable Stackable Tray, Letter, Black",291.8
West,Dax Natural Wood-Tone Poster Frame,291.28
West,Sauder Inglewood Library Bookcases,290.666
West,"Riverside Furniture Oval Coffee Table, Oval End Table, End Table With Drawer",286.85
West,"Global Task Chair, Black",284.98400000000004
West,"Hon Metal Bookcases, Putty",283.92
West,"Tenex Carpeted, Granite-Look Or Clear Contemporary Contour Shape Chair Mats",282.84
West,"Computer Room Manger, 14""",279.32800000000003
West,Eldon Cleatmat Chair Mats For Medium Pile Carpets,277.5
West,"Deflect-O Rollamat Studded, Beveled Mat For Medium Pile Carpeting",276.69
West,Tenex B1-Re Series Chair Mats For Low Pile Carpets,275.88
West,"Chromcraft Bull-Nose Wood 48"" X 96"" Rectangular Conference Tables",275.49
West,"Sauder Forest Hills Library With Doors, Woodland Oak Finish",273.666
West,"Bush Andora Conference Table, Maple/Graphite Gray Finish",273.568
West,"Eldon Delta Triangular Chair Mat, 52"" X 58"", Clear",273.096
West,"Hon 30"" X 60"" Table With Locking Drawer",272.848
West,"Safco Value Mate Series Steel Bookcases, Baked Enamel Finish On Steel, Gray",262.626
West,"Howard Miller 13-3/4"" Diameter Brushed Chrome Round Wall Clock",258.75
West,"Bush Westfield Collection Bookcases, Fully Assembled",257.499
West,"Tenex V2T-Re Standard Weight Series Chair Mat, 45"" X 53"", Lip 25"" X 12""",255.52800000000002
West,Balt Solid Wood Rectangular Table,253.176
West,Hon 61000 Series Interactive Training Tables,248.808
West,Hon 4-Shelf Metal Bookcases,242.352
West,Office Star Flex Back Scooter Chair With Aluminum Finish Frame,242.136
West,Safco Drafting Table,241.332
West,Eldon Cleatmat Plus Chair Mats For High Pile Carpets,238.56
West,"Deflect-O Duramat Lighweight, Studded, Beveled Mat For Low Pile Carpeting",230.31
West,"Sauder Mission Library With Doors, Fruitwood Finish",222.666
West,Boxoffice By Design Rectangular And Half-Moon Meeting Room Tables,218.75
West,Eldon Clustermat Chair Mat With Cordless Antistatic Protection,218.352
West,"Global Stack Chair With Arms, Black",215.856
West,Eldon Antistatic Chair Mats For Low To Medium Pile Carpets,210.58
West,36X48 Hardfloor Chairmat,209.8
West,Eldon Econocleat Chair Mats For Low Pile Carpets,207.35
West,Global Enterprise Series Seating Low-Back Swivel/Tilt Chairs,207.184
West,Hand-Finished Solid Wood Document Frame,205.38
West,"Dax Contemporary Wood Frame With Silver Metal Mat, Desktop, 11 X 14 Size",202.39999999999998
West,"Eldon Executive Woodline Ii Desk Accessories, Mahogany",201.04
West,"Howard Miller 12"" Round Wall Clock",196.45
West,Hon Deluxe Fabric Upholstered Stacking Chairs,195.184
West,"Howard Miller 16"" Diameter Gallery Wall Clock",191.82
West,"Seth Thomas 12"" Clock W/ Goldtone Case",183.84
West,Staple-Based Wall Hangings,178.276
West,"Executive Impressions 14"" Contract Wall Clock",177.84
West,"Contract Clock, 14"", Brown",175.84
West,Tenex Chairmats For Use With Carpeted Floors,175.78
West,Aluminum Document Frame,171.07999999999998
West,Nu-Dell Executive Frame,164.32
West,O'Sullivan 5-Shelf Heavy-Duty Bookcases,163.88
West,Eldon Advantage Foldable Chair Mats For Low Pile Carpets,162.6
West,Hon Valutask Swivel Chairs,161.568
West,"Barricks 18"" X 48"" Non-Folding Utility Table With Bottom Storage Shelf",161.28
West,Ultra Door Pull Handle,157.8
West,"Executive Impressions 10"" Spectator Wall Clock",152.88
West,Eldon Wave Desk Accessories,151.76
West,O'Sullivan 2-Shelf Heavy-Duty Bookcases,150.598
West,Electrix Fluorescent Magnifier Lamps & Weighted Base,148.02
West,"Global Armless Task Chair, Royal Blue",146.352
West,Sauder Barrister Bookcases,145.764
West,Bevis Round Conference Room Tables And Bases,143.432
West,"Howard Miller 13-1/2"" Diameter Rosebrook Wall Clock",137.54
West,"Barricks Non-Folding Utility Table With Steel Legs, Laminate Tops",136.464
West,"Floodlight Indoor Halogen Bulbs, 1 Bulb Per Pack, 60 Watts",135.8
West,Tenex Chairmats For Use With Hard Floors,129.92
West,"Tenex Traditional Chairmats For Hard Floors, Average Lip, 36"" X 48""",128.9
West,"Hon Metal Bookcases, Black",127.764
West,Executive Impressions Supervisor Wall Clock,126.3
West,Deflect-O Glasstique Clear Desk Accessories,124.74
West,"Global Stack Chair Without Arms, Black",124.704
West,"Safco Chair Connectors, 6/Carton",123.136
West,24-Hour Round Wall Clock,119.88
West,"Bush Saratoga Collection 5-Shelf Bookcase, Hanover Cherry, *Special Order",119.833
West,"Eldon Expressions Wood And Plastic Desk Accessories, Cherry Wood",118.66
West,"Dax Copper Panel Document Frame, 5 X 7 Size",115.736
West,3M Polarizing Light Filter Sleeves,111.9
West,Dax Wood Document Frame,109.84
West,"Metal Folding Chairs, Beige, 4/Carton",108.608
West,"Seth Thomas 14"" Day/Date Wall Clock",108.22399999999999
West,"Tenex Contemporary Contur Chairmats For Low And Medium Pile Carpet, Computer, 39"" X 49""",107.53
West,"Seth Thomas 13 1/2"" Wall Clock",106.68
West,Safco Optional Arm Kit For Workspace Cribbage Stacking Chair,106.56
West,"Office Star - Contemporary Task Swivel Chair With Loop Arms, Charcoal",104.784
West,"Linden 12"" Wall Clock With Oak Frame",101.94
West,"Eldon Stackable Tray, Side-Load, Legal, Smoke",100.53999999999999
West,Dax Two-Tone Silver Metal Document Frame,97.15199999999999
West,Contemporary Wood/Metal Frame,96.96
West,"Bush Westfield Collection Bookcases, Dark Cherry Finish, Fully Assembled",90.882
West,Westinghouse Clip-On Gooseneck Lamps,88.722
West,"Electrix Incandescent Magnifying Lamp, Black",87.96
West,"Dax Two-Tone Rosewood/Black Document Frame, Desktop, 5 X 7",85.32
West,Coloredge Poster Frame,85.2
West,O'Sullivan Cherrywood Estates Traditional Bookcase,84.98
West,Magnifier Swing Arm Lamp,83.92
West,Howard Miller Distant Time Traveler Alarm Clock,82.26
West,"Eldon Expressions Wood Desk Accessories, Oak",81.18
West,Dax Cubicle Frames - 8X10,80.78
West,"Executive Impressions 13"" Chairman Wall Clock",76.14
West,Nu-Dell Oak Frame,74.76
West,"Master Big Foot Doorstop, Beige",73.92
West,Dax Clear Channel Poster Frame,72.9
West,"Atlantic Metals Mobile 2-Shelf Bookcases, Custom Colors",72.294
West,C-Line Cubicle Keepers Polyproplyene Holder With Velcro Backings,71.896
West,"Executive Impressions 12"" Wall Clock",70.68
West,"Eldon Expressions Wood And Plastic Desk Accessories, Oak",69.86
West,"Bush Westfield Collection Bookcases, Dark Cherry Finish",69.576
West,Longer-Life Soft White Bulbs,67.75999999999999
West,"Eldon Image Series Desk Accessories, Burgundy",66.88
West,"Executive Impressions 8-1/2"" Career Panel/Partition Cubicle Clock",66.56
West,"Bush Cubix Collection Bookcases, Fully Assembled",66.294
West,"Seth Thomas 16"" Steel Case Clock",64.96
West,"Eldon 400 Class Desk Accessories, Black Carbon",61.25
West,Dax Clear Box Frame,61.11
West,Advantus Panel Wall Certificate Holder - 8.5X11,61.0
West,"Seth Thomas 8 1/2"" Cubicle Clock",60.84
West,"Dax Cubicle Frames, 8-1/2 X 11",59.99
West,"Ge 4 Foot Flourescent Tube, 40 Watt",59.92
West,"C-Line Magnetic Cubicle Keepers, Clear Polypropylene",59.28
West,"6"" Cubicle Wall Clock, Black",56.629999999999995
West,"Executive Impressions 13-1/2"" Indoor/Outdoor Wall Clock",56.099999999999994
West,"Eldon Expressions Punched Metal & Wood Desk Accessories, Pewter & Cherry",53.2
West,"Master Caster Door Stop, Large Neon Orange",52.416
West,9-3/4 Diameter Round Wall Clock,52.402
West,"Master Caster Door Stop, Large Brown",50.96
West,"Master Caster Door Stop, Brown",50.8
West,"Eldon 200 Class Desk Accessories, Smoke",50.24
West,"Dax Value U-Channel Document Frames, Easel Back",49.7
West,"Eldon Image Series Desk Accessories, Ebony",49.4
West,"Global Push Button Manager'S Chair, Indigo",48.712
West,"Eldon Expressions Punched Metal & Wood Desk Accessories, Black & Cherry",46.9
West,Eldon Advantage Chair Mats For Low To Medium Pile Carpets,43.31
West,Nu-Dell Leatherette Frames,43.02
West,Advantus Panel Wall Acrylic Frame,38.29
West,"Dax Executive Solid Wood Document Frame, Desktop Or Hang, Mahogany, 5 X 7",37.74
West,Stackable Trays,36.96
West,3M Hangers With Command Adhesive,34.04
West,Oic Stacking Trays,33.4
West,Dana Swing-Arm Lamps,32.04
West,Eldon 200 Class Desk Accessories,31.4
West,"Advantus Employee Of The Month Certificate Frame, 11 X 13-1/2",30.93
West,"Linden 10"" Round Wall Clock, Black",30.56
West,"Eldon Regeneration Recycled Desk Accessories, Black",30.008
West,"Eldon 300 Class Desk Accessories, Black",29.7
West,Acrylic Self-Standing Desk Frames,28.836
West,Nu-Dell Float Frame 11 X 14 1/2,28.736
West,"Westinghouse Mesh Shade Clip-On Gooseneck Lamp, Black",28.28
West,Dax Black Cherry Wood-Tone Poster Frame,26.48
West,Contemporary Borderless Frame,25.83
West,Document Clip Frames,25.02
West,Stacking Trays By Oic,24.9
West,Eldon Image Series Black Desk Accessories,24.84
West,Anderson Hickey Conga Table Tops & Accessories,24.368
West,Eldon 500 Class Desk Accessories,24.14
West,"Westinghouse Floor Lamp With Metal Mesh Shade, Black",23.99
West,"Master Giant Foot Doorstop, Safety Yellow",22.77
West,"Dax Charcoal/Nickel-Tone Document Frame, 5 X 7",22.752
West,"Executive Impressions 14"" Two-Color Numerals Wall Clock",22.72
West,"Eldon Regeneration Recycled Desk Accessories, Smoke",22.619999999999997
West,Electrix 20W Halogen Replacement Bulb For Zoom-In Desk Lamp,21.44
West,"Dax Metal Frame, Desktop, Stepped-Edge",20.24
West,Eldon 100 Class Desk Accessories,20.22
West,G.E. Longer-Life Indoor Recessed Floodlight Bulbs,19.92
West,Dax Solid Wood Frames,19.54
West,"Eldon Expressions Desk Accessory, Wood Pencil Holder, Oak",19.3
West,"Eldon 200 Class Desk Accessories, Burgundy",18.84
West,Magna Visual Magnetic Picture Hangers,17.352
West,"Master Caster Door Stop, Gray",15.24
West,"Eldon Expressions Desk Accessory, Wood Photo Frame, Mahogany",15.232
West,Ultra Door Push Plate,14.73
West,Tensor Brushed Steel Torchiere Floor Lamp,13.592
West,"Eldon ImGe Series Desk Accessories, Clear",11.664
West,Regeneration Desk Collection,9.504000000000001
West,"Ge General Purpose, Extra Long Life, Showcase & Floodlight Incandescent Bulbs",8.73
West,G.E. Halogen Desk Lamp Bulbs,6.98
